# Blender 4.4.3
# www.blender.org
mtllib key1.mtl
o Plane
o Torus.001
v 1.170000 0.000000 -2.990000
v 1.159748 0.058143 -2.990000
v 1.130228 0.109274 -2.990000
v 1.085000 0.147224 -2.990000
v 1.029520 0.167417 -2.990000
v 0.970480 0.167417 -2.990000
v 0.915000 0.147224 -2.990000
v 0.869772 0.109274 -2.990000
v 0.840252 0.058143 -2.990000
v 0.830000 0.000000 -2.990000
v 0.840252 -0.058143 -2.990000
v 0.869772 -0.109274 -2.990000
v 0.915000 -0.147224 -2.990000
v 0.970480 -0.167417 -2.990000
v 1.029520 -0.167417 -2.990000
v 1.085000 -0.147224 -2.990000
v 1.130228 -0.109274 -2.990000
v 1.159748 -0.058143 -2.990000
v 1.035984 0.000000 -3.533726
v 1.026906 0.058143 -3.528962
v 1.000767 0.109274 -3.515243
v 0.960720 0.147224 -3.494225
v 0.911595 0.167417 -3.468442
v 0.859317 0.167417 -3.441005
v 0.810192 0.147224 -3.415222
v 0.770145 0.109274 -3.394203
v 0.744006 0.058143 -3.380485
v 0.734928 0.000000 -3.375720
v 0.744006 -0.058143 -3.380485
v 0.770145 -0.109274 -3.394203
v 0.810192 -0.147224 -3.415222
v 0.859317 -0.167417 -3.441005
v 0.911595 -0.167417 -3.468442
v 0.960720 -0.147224 -3.494225
v 1.000767 -0.109274 -3.515243
v 1.026906 -0.058143 -3.528962
v 0.664636 0.000000 -3.952891
v 0.658812 0.058143 -3.944454
v 0.642042 0.109274 -3.920159
v 0.616350 0.147224 -3.882938
v 0.584834 0.167417 -3.837279
v 0.551295 0.167417 -3.788689
v 0.519779 0.147224 -3.743030
v 0.494087 0.109274 -3.705809
v 0.477318 0.058143 -3.681514
v 0.471494 0.000000 -3.673077
v 0.477318 -0.058143 -3.681514
v 0.494087 -0.109274 -3.705809
v 0.519779 -0.147224 -3.743030
v 0.551295 -0.167417 -3.788689
v 0.584834 -0.167417 -3.837279
v 0.616350 -0.147224 -3.882938
v 0.642042 -0.109274 -3.920159
v 0.658812 -0.058143 -3.944454
v 0.141028 0.000000 -4.151469
v 0.139792 0.058143 -4.141292
v 0.136234 0.109274 -4.111987
v 0.130782 0.147224 -4.067089
v 0.124095 0.167417 -4.012014
v 0.116979 0.167417 -3.953404
v 0.110291 0.147224 -3.898329
v 0.104840 0.109274 -3.853431
v 0.101281 0.058143 -3.824126
v 0.100046 0.000000 -3.813948
v 0.101281 -0.058143 -3.824126
v 0.104840 -0.109274 -3.853431
v 0.110291 -0.147224 -3.898329
v 0.116979 -0.167417 -3.953404
v 0.124095 -0.167417 -4.012014
v 0.130782 -0.147224 -4.067089
v 0.136234 -0.109274 -4.111987
v 0.139792 -0.058143 -4.141292
v -0.414888 0.000000 -4.083969
v -0.411252 0.058143 -4.074383
v -0.400784 0.109274 -4.046781
v -0.384746 0.147224 -4.004493
v -0.365073 0.167417 -3.952618
v -0.344137 0.167417 -3.897414
v -0.324464 0.147224 -3.845540
v -0.308426 0.109274 -3.803251
v -0.297958 0.058143 -3.775650
v -0.294322 0.000000 -3.766063
v -0.297958 -0.058143 -3.775650
v -0.308426 -0.109274 -3.803251
v -0.324464 -0.147224 -3.845540
v -0.344137 -0.167417 -3.897414
v -0.365073 -0.167417 -3.952618
v -0.384746 -0.147224 -4.004493
v -0.400784 -0.109274 -4.046781
v -0.411252 -0.058143 -4.074383
v -0.875758 0.000000 -3.765853
v -0.868084 0.058143 -3.759055
v -0.845988 0.109274 -3.739479
v -0.812134 0.147224 -3.709488
v -0.770607 0.167417 -3.672698
v -0.726415 0.167417 -3.633547
v -0.684887 0.147224 -3.596757
v -0.651034 0.109274 -3.566766
v -0.628938 0.058143 -3.547190
v -0.621264 0.000000 -3.540392
v -0.628938 -0.058143 -3.547190
v -0.651034 -0.109274 -3.566766
v -0.684887 -0.147224 -3.596757
v -0.726415 -0.167417 -3.633547
v -0.770607 -0.167417 -3.672698
v -0.812134 -0.147224 -3.709488
v -0.845988 -0.109274 -3.739479
v -0.868084 -0.058143 -3.759055
v -1.136002 0.000000 -3.269999
v -1.126048 0.058143 -3.267546
v -1.097385 0.109274 -3.260481
v -1.053472 0.147224 -3.249658
v -0.999604 0.167417 -3.236380
v -0.942279 0.167417 -3.222251
v -0.888412 0.147224 -3.208974
v -0.844498 0.109274 -3.198150
v -0.815836 0.058143 -3.191086
v -0.805882 0.000000 -3.188632
v -0.815836 -0.058143 -3.191086
v -0.844498 -0.109274 -3.198150
v -0.888412 -0.147224 -3.208974
v -0.942279 -0.167417 -3.222251
v -0.999604 -0.167417 -3.236380
v -1.053472 -0.147224 -3.249658
v -1.097385 -0.109274 -3.260481
v -1.126048 -0.058143 -3.267546
v -1.136002 0.000000 -2.710001
v -1.126048 0.058143 -2.712455
v -1.097385 0.109274 -2.719519
v -1.053472 0.147224 -2.730343
v -0.999604 0.167417 -2.743620
v -0.942280 0.167417 -2.757750
v -0.888412 0.147224 -2.771027
v -0.844499 0.109274 -2.781850
v -0.815836 0.058143 -2.788915
v -0.805882 0.000000 -2.791368
v -0.815836 -0.058143 -2.788915
v -0.844499 -0.109274 -2.781850
v -0.888412 -0.147224 -2.771027
v -0.942280 -0.167417 -2.757750
v -0.999604 -0.167417 -2.743620
v -1.053472 -0.147224 -2.730343
v -1.097385 -0.109274 -2.719519
v -1.126048 -0.058143 -2.712455
v -0.875758 0.000000 -2.214147
v -0.868084 0.058143 -2.220945
v -0.845988 0.109274 -2.240521
v -0.812134 0.147224 -2.270512
v -0.770607 0.167417 -2.307302
v -0.726415 0.167417 -2.346453
v -0.684887 0.147224 -2.383243
v -0.651034 0.109274 -2.413234
v -0.628938 0.058143 -2.432810
v -0.621264 0.000000 -2.439608
v -0.628938 -0.058143 -2.432810
v -0.651034 -0.109274 -2.413234
v -0.684887 -0.147224 -2.383243
v -0.726415 -0.167417 -2.346453
v -0.770607 -0.167417 -2.307302
v -0.812134 -0.147224 -2.270512
v -0.845988 -0.109274 -2.240521
v -0.868084 -0.058143 -2.220945
v -0.414888 0.000000 -1.896031
v -0.411252 0.058143 -1.905617
v -0.400784 0.109274 -1.933219
v -0.384746 0.147224 -1.975507
v -0.365073 0.167417 -2.027382
v -0.344137 0.167417 -2.082586
v -0.324464 0.147224 -2.134460
v -0.308426 0.109274 -2.176749
v -0.297958 0.058143 -2.204350
v -0.294322 0.000000 -2.213937
v -0.297958 -0.058143 -2.204350
v -0.308426 -0.109274 -2.176749
v -0.324464 -0.147224 -2.134460
v -0.344137 -0.167417 -2.082586
v -0.365073 -0.167417 -2.027382
v -0.384746 -0.147224 -1.975507
v -0.400784 -0.109274 -1.933219
v -0.411252 -0.058143 -1.905617
v 0.141028 0.000000 -1.828531
v 0.139792 0.058143 -1.838708
v 0.136234 0.109274 -1.868013
v 0.130782 0.147224 -1.912911
v 0.124095 0.167417 -1.967986
v 0.116979 0.167417 -2.026596
v 0.110291 0.147224 -2.081671
v 0.104840 0.109274 -2.126569
v 0.101281 0.058143 -2.155874
v 0.100046 0.000000 -2.166052
v 0.101281 -0.058143 -2.155874
v 0.104840 -0.109274 -2.126569
v 0.110291 -0.147224 -2.081671
v 0.116979 -0.167417 -2.026596
v 0.124095 -0.167417 -1.967986
v 0.130782 -0.147224 -1.912911
v 0.136234 -0.109274 -1.868013
v 0.139792 -0.058143 -1.838708
v 0.664635 0.000000 -2.027108
v 0.658811 0.058143 -2.035546
v 0.642042 0.109274 -2.059841
v 0.616350 0.147224 -2.097062
v 0.584834 0.167417 -2.142721
v 0.551295 0.167417 -2.191310
v 0.519779 0.147224 -2.236969
v 0.494087 0.109274 -2.274191
v 0.477317 0.058143 -2.298486
v 0.471493 0.000000 -2.306923
v 0.477317 -0.058143 -2.298486
v 0.494087 -0.109274 -2.274191
v 0.519779 -0.147224 -2.236969
v 0.551295 -0.167417 -2.191310
v 0.584834 -0.167417 -2.142721
v 0.616350 -0.147224 -2.097062
v 0.642042 -0.109274 -2.059841
v 0.658811 -0.058143 -2.035546
v 1.035983 0.000000 -2.446273
v 1.026905 0.058143 -2.451038
v 1.000767 0.109274 -2.464756
v 0.960720 0.147224 -2.485775
v 0.911595 0.167417 -2.511558
v 0.859317 0.167417 -2.538995
v 0.810192 0.147224 -2.564778
v 0.770145 0.109274 -2.585796
v 0.744006 0.058143 -2.599515
v 0.734928 0.000000 -2.604280
v 0.744006 -0.058143 -2.599515
v 0.770145 -0.109274 -2.585796
v 0.810192 -0.147224 -2.564778
v 0.859317 -0.167417 -2.538995
v 0.911595 -0.167417 -2.511558
v 0.960720 -0.147224 -2.485775
v 1.000767 -0.109274 -2.464756
v 1.026905 -0.058143 -2.451038
vn 0.9570 0.1687 -0.2359
vn 0.8469 0.4890 -0.2088
vn 0.6349 0.7566 -0.1565
vn 0.3408 0.9364 -0.0840
vn -0.0000 1.0000 -0.0000
vn -0.3408 0.9364 0.0840
vn -0.6349 0.7566 0.1565
vn -0.8469 0.4890 0.2088
vn -0.9570 0.1687 0.2359
vn -0.9570 -0.1687 0.2359
vn -0.8469 -0.4890 0.2088
vn -0.6349 -0.7566 0.1565
vn -0.3408 -0.9364 0.0840
vn -0.0000 -1.0000 -0.0000
vn 0.3408 -0.9364 -0.0840
vn 0.6349 -0.7566 -0.1565
vn 0.8469 -0.4890 -0.2088
vn 0.9570 -0.1687 -0.2359
vn 0.7378 0.1687 -0.6536
vn 0.6529 0.4890 -0.5784
vn 0.4894 0.7566 -0.4336
vn 0.2627 0.9364 -0.2328
vn -0.2627 0.9364 0.2328
vn -0.4894 0.7566 0.4336
vn -0.6529 0.4890 0.5784
vn -0.7378 0.1687 0.6536
vn -0.7378 -0.1687 0.6536
vn -0.6529 -0.4890 0.5784
vn -0.4894 -0.7566 0.4336
vn -0.2627 -0.9364 0.2328
vn 0.2627 -0.9364 -0.2328
vn 0.4894 -0.7566 -0.4336
vn 0.6529 -0.4890 -0.5784
vn 0.7378 -0.1687 -0.6536
vn 0.3495 0.1688 -0.9216
vn 0.3093 0.4890 -0.8156
vn 0.2319 0.7566 -0.6114
vn 0.1245 0.9364 -0.3282
vn -0.1245 0.9364 0.3282
vn -0.2319 0.7566 0.6114
vn -0.3093 0.4890 0.8156
vn -0.3495 0.1687 0.9216
vn -0.3495 -0.1687 0.9216
vn -0.3093 -0.4890 0.8156
vn -0.2319 -0.7566 0.6114
vn -0.1245 -0.9364 0.3282
vn 0.1245 -0.9364 -0.3282
vn 0.2319 -0.7566 -0.6114
vn 0.3093 -0.4890 -0.8156
vn 0.3495 -0.1688 -0.9216
vn -0.1188 0.1687 -0.9785
vn -0.1051 0.4890 -0.8659
vn -0.0788 0.7566 -0.6491
vn -0.0423 0.9364 -0.3485
vn 0.0423 0.9364 0.3485
vn 0.0788 0.7566 0.6491
vn 0.1051 0.4890 0.8659
vn 0.1188 0.1687 0.9785
vn 0.1188 -0.1687 0.9785
vn 0.1051 -0.4890 0.8659
vn 0.0788 -0.7566 0.6491
vn 0.0423 -0.9364 0.3485
vn -0.0423 -0.9364 -0.3485
vn -0.0788 -0.7566 -0.6491
vn -0.1051 -0.4890 -0.8659
vn -0.1188 -0.1687 -0.9785
vn -0.5599 0.1688 -0.8112
vn -0.4955 0.4890 -0.7179
vn -0.3714 0.7566 -0.5381
vn -0.1994 0.9364 -0.2889
vn 0.1994 0.9364 0.2889
vn 0.3714 0.7566 0.5381
vn 0.4955 0.4890 0.7179
vn 0.5599 0.1687 0.8112
vn 0.5599 -0.1687 0.8112
vn 0.4955 -0.4890 0.7179
vn 0.3714 -0.7566 0.5381
vn 0.1994 -0.9364 0.2889
vn -0.1994 -0.9364 -0.2889
vn -0.3714 -0.7566 -0.5381
vn -0.4955 -0.4890 -0.7179
vn -0.5599 -0.1688 -0.8112
vn -0.8728 0.1687 -0.4581
vn -0.7724 0.4890 -0.4054
vn -0.5790 0.7566 -0.3039
vn -0.3108 0.9364 -0.1631
vn 0.3108 0.9364 0.1631
vn 0.5790 0.7566 0.3039
vn 0.7724 0.4890 0.4054
vn 0.8728 0.1687 0.4581
vn 0.8728 -0.1687 0.4581
vn 0.7724 -0.4890 0.4054
vn 0.5790 -0.7566 0.3039
vn 0.3108 -0.9364 0.1631
vn -0.3108 -0.9364 -0.1631
vn -0.5790 -0.7566 -0.3039
vn -0.7724 -0.4890 -0.4054
vn -0.8728 -0.1687 -0.4581
vn -0.9857 0.1687 -0.0000
vn -0.8723 0.4890 -0.0000
vn -0.6539 0.7566 -0.0000
vn -0.3510 0.9364 -0.0000
vn 0.3510 0.9364 -0.0000
vn 0.6539 0.7566 -0.0000
vn 0.8723 0.4890 -0.0000
vn 0.9857 0.1687 -0.0000
vn 0.9857 -0.1687 -0.0000
vn 0.8723 -0.4890 -0.0000
vn 0.6539 -0.7566 -0.0000
vn 0.3510 -0.9364 -0.0000
vn -0.3510 -0.9364 -0.0000
vn -0.6539 -0.7566 -0.0000
vn -0.8723 -0.4890 -0.0000
vn -0.9857 -0.1687 -0.0000
vn -0.8728 0.1687 0.4581
vn -0.7724 0.4890 0.4054
vn -0.5790 0.7566 0.3039
vn -0.3108 0.9364 0.1631
vn 0.3108 0.9364 -0.1631
vn 0.5790 0.7566 -0.3039
vn 0.7724 0.4890 -0.4054
vn 0.8728 0.1688 -0.4581
vn 0.8728 -0.1688 -0.4581
vn 0.7724 -0.4890 -0.4054
vn 0.5790 -0.7566 -0.3039
vn 0.3108 -0.9364 -0.1631
vn -0.3108 -0.9364 0.1631
vn -0.5790 -0.7566 0.3039
vn -0.7724 -0.4890 0.4054
vn -0.8728 -0.1687 0.4581
vn -0.5599 0.1688 0.8112
vn -0.4955 0.4890 0.7179
vn -0.3714 0.7566 0.5381
vn -0.1994 0.9364 0.2889
vn 0.1994 0.9364 -0.2889
vn 0.3714 0.7566 -0.5381
vn 0.4955 0.4890 -0.7179
vn 0.5599 0.1687 -0.8112
vn 0.5599 -0.1687 -0.8112
vn 0.4955 -0.4890 -0.7179
vn 0.3714 -0.7566 -0.5381
vn 0.1994 -0.9364 -0.2889
vn -0.1994 -0.9364 0.2889
vn -0.3714 -0.7566 0.5381
vn -0.4955 -0.4890 0.7179
vn -0.5599 -0.1688 0.8112
vn -0.1188 0.1687 0.9785
vn -0.1051 0.4890 0.8659
vn -0.0788 0.7566 0.6491
vn -0.0423 0.9364 0.3485
vn 0.0423 0.9364 -0.3485
vn 0.0788 0.7566 -0.6491
vn 0.1051 0.4890 -0.8659
vn 0.1188 0.1687 -0.9785
vn 0.1188 -0.1687 -0.9785
vn 0.1051 -0.4890 -0.8659
vn 0.0788 -0.7566 -0.6491
vn 0.0423 -0.9364 -0.3485
vn -0.0423 -0.9364 0.3485
vn -0.0788 -0.7566 0.6491
vn -0.1051 -0.4890 0.8659
vn -0.1188 -0.1687 0.9785
vn 0.3495 0.1688 0.9216
vn 0.3093 0.4890 0.8156
vn 0.2319 0.7566 0.6114
vn 0.1245 0.9364 0.3282
vn -0.1245 0.9364 -0.3282
vn -0.2319 0.7566 -0.6114
vn -0.3093 0.4890 -0.8156
vn -0.3495 0.1687 -0.9216
vn -0.3495 -0.1687 -0.9216
vn -0.3093 -0.4890 -0.8156
vn -0.2319 -0.7566 -0.6114
vn -0.1245 -0.9364 -0.3282
vn 0.1245 -0.9364 0.3282
vn 0.2319 -0.7566 0.6114
vn 0.3093 -0.4890 0.8156
vn 0.3495 -0.1687 0.9216
vn 0.7378 0.1687 0.6536
vn 0.6529 0.4890 0.5784
vn 0.4894 0.7566 0.4336
vn 0.2627 0.9364 0.2328
vn -0.2627 0.9364 -0.2328
vn -0.4894 0.7566 -0.4336
vn -0.6529 0.4890 -0.5784
vn -0.7378 0.1687 -0.6536
vn -0.7378 -0.1687 -0.6536
vn -0.6529 -0.4890 -0.5784
vn -0.4894 -0.7566 -0.4336
vn -0.2627 -0.9364 -0.2328
vn 0.2627 -0.9364 0.2328
vn 0.4894 -0.7566 0.4336
vn 0.6529 -0.4890 0.5784
vn 0.7378 -0.1687 0.6536
vn 0.9570 0.1687 0.2359
vn 0.8469 0.4890 0.2088
vn 0.6349 0.7566 0.1565
vn 0.3408 0.9364 0.0840
vn -0.3408 0.9364 -0.0840
vn -0.6349 0.7566 -0.1565
vn -0.8469 0.4890 -0.2088
vn -0.9570 0.1687 -0.2359
vn -0.9570 -0.1687 -0.2359
vn -0.8469 -0.4890 -0.2088
vn -0.6349 -0.7566 -0.1565
vn -0.3408 -0.9364 -0.0840
vn 0.3408 -0.9364 0.0840
vn 0.6349 -0.7566 0.1565
vn 0.8469 -0.4890 0.2088
vn 0.9570 -0.1687 0.2359
vt 0.538462 0.500000
vt 0.615385 0.500000
vt 0.615385 0.555556
vt 0.538462 0.555556
vt 0.615385 0.611111
vt 0.538462 0.611111
vt 0.615385 0.666667
vt 0.538462 0.666667
vt 0.615385 0.722222
vt 0.538462 0.722222
vt 0.615385 0.777778
vt 0.538462 0.777778
vt 0.615385 0.833333
vt 0.538462 0.833333
vt 0.615385 0.888889
vt 0.538462 0.888889
vt 0.615385 0.944444
vt 0.538462 0.944444
vt 0.615385 1.000000
vt 0.538462 1.000000
vt 0.538462 0.000000
vt 0.615385 0.000000
vt 0.615385 0.055556
vt 0.538462 0.055556
vt 0.615385 0.111111
vt 0.538462 0.111111
vt 0.615385 0.166667
vt 0.538462 0.166667
vt 0.615385 0.222222
vt 0.538462 0.222222
vt 0.615385 0.277778
vt 0.538462 0.277778
vt 0.615385 0.333333
vt 0.538462 0.333333
vt 0.615385 0.388889
vt 0.538462 0.388889
vt 0.615385 0.444444
vt 0.538462 0.444444
vt 0.692308 0.500000
vt 0.692308 0.555556
vt 0.692308 0.611111
vt 0.692308 0.666667
vt 0.692308 0.722222
vt 0.692308 0.777778
vt 0.692308 0.833333
vt 0.692308 0.888889
vt 0.692308 0.944444
vt 0.692308 1.000000
vt 0.692308 0.000000
vt 0.692308 0.055556
vt 0.692308 0.111111
vt 0.692308 0.166667
vt 0.692308 0.222222
vt 0.692308 0.277778
vt 0.692308 0.333333
vt 0.692308 0.388889
vt 0.692308 0.444444
vt 0.769231 0.500000
vt 0.769231 0.555556
vt 0.769231 0.611111
vt 0.769231 0.666667
vt 0.769231 0.722222
vt 0.769231 0.777778
vt 0.769231 0.833333
vt 0.769231 0.888889
vt 0.769231 0.944444
vt 0.769231 1.000000
vt 0.769231 0.000000
vt 0.769231 0.055556
vt 0.769231 0.111111
vt 0.769231 0.166667
vt 0.769231 0.222222
vt 0.769231 0.277778
vt 0.769231 0.333333
vt 0.769231 0.388889
vt 0.769231 0.444444
vt 0.846154 0.500000
vt 0.846154 0.555556
vt 0.846154 0.611111
vt 0.846154 0.666667
vt 0.846154 0.722222
vt 0.846154 0.777778
vt 0.846154 0.833333
vt 0.846154 0.888889
vt 0.846154 0.944444
vt 0.846154 1.000000
vt 0.846154 0.000000
vt 0.846154 0.055556
vt 0.846154 0.111111
vt 0.846154 0.166667
vt 0.846154 0.222222
vt 0.846154 0.277778
vt 0.846154 0.333333
vt 0.846154 0.388889
vt 0.846154 0.444444
vt 0.923077 0.500000
vt 0.923077 0.555556
vt 0.923077 0.611111
vt 0.923077 0.666667
vt 0.923077 0.722222
vt 0.923077 0.777778
vt 0.923077 0.833333
vt 0.923077 0.888889
vt 0.923077 0.944444
vt 0.923077 1.000000
vt 0.923077 0.000000
vt 0.923077 0.055556
vt 0.923077 0.111111
vt 0.923077 0.166667
vt 0.923077 0.222222
vt 0.923077 0.277778
vt 0.923077 0.333333
vt 0.923077 0.388889
vt 0.923077 0.444444
vt 1.000000 0.500000
vt 1.000000 0.555556
vt 1.000000 0.611111
vt 1.000000 0.666667
vt 1.000000 0.722222
vt 1.000000 0.777778
vt 1.000000 0.833333
vt 1.000000 0.888889
vt 1.000000 0.944444
vt 1.000000 1.000000
vt 1.000000 0.000000
vt 1.000000 0.055556
vt 1.000000 0.111111
vt 1.000000 0.166667
vt 1.000000 0.222222
vt 1.000000 0.277778
vt 1.000000 0.333333
vt 1.000000 0.388889
vt 1.000000 0.444444
vt -0.000000 0.500000
vt 0.076923 0.500000
vt 0.076923 0.555556
vt -0.000000 0.555556
vt 0.076923 0.611111
vt -0.000000 0.611111
vt 0.076923 0.666667
vt -0.000000 0.666667
vt 0.076923 0.722222
vt -0.000000 0.722222
vt 0.076923 0.777778
vt -0.000000 0.777778
vt 0.076923 0.833333
vt -0.000000 0.833333
vt 0.076923 0.888889
vt -0.000000 0.888889
vt 0.076923 0.944444
vt -0.000000 0.944444
vt 0.076923 1.000000
vt -0.000000 1.000000
vt -0.000000 0.000000
vt 0.076923 0.000000
vt 0.076923 0.055556
vt -0.000000 0.055556
vt 0.076923 0.111111
vt -0.000000 0.111111
vt 0.076923 0.166667
vt -0.000000 0.166667
vt 0.076923 0.222222
vt -0.000000 0.222222
vt 0.076923 0.277778
vt -0.000000 0.277778
vt 0.076923 0.333333
vt -0.000000 0.333333
vt 0.076923 0.388889
vt -0.000000 0.388889
vt 0.076923 0.444444
vt -0.000000 0.444444
vt 0.153846 0.500000
vt 0.153846 0.555556
vt 0.153846 0.611111
vt 0.153846 0.666667
vt 0.153846 0.722222
vt 0.153846 0.777778
vt 0.153846 0.833333
vt 0.153846 0.888889
vt 0.153846 0.944444
vt 0.153846 1.000000
vt 0.153846 0.000000
vt 0.153846 0.055556
vt 0.153846 0.111111
vt 0.153846 0.166667
vt 0.153846 0.222222
vt 0.153846 0.277778
vt 0.153846 0.333333
vt 0.153846 0.388889
vt 0.153846 0.444444
vt 0.230769 0.500000
vt 0.230769 0.555556
vt 0.230769 0.611111
vt 0.230769 0.666667
vt 0.230769 0.722222
vt 0.230769 0.777778
vt 0.230769 0.833333
vt 0.230769 0.888889
vt 0.230769 0.944444
vt 0.230769 1.000000
vt 0.230769 0.000000
vt 0.230769 0.055556
vt 0.230769 0.111111
vt 0.230769 0.166667
vt 0.230769 0.222222
vt 0.230769 0.277778
vt 0.230769 0.333333
vt 0.230769 0.388889
vt 0.230769 0.444444
vt 0.307692 0.500000
vt 0.307692 0.555556
vt 0.307692 0.611111
vt 0.307692 0.666667
vt 0.307692 0.722222
vt 0.307692 0.777778
vt 0.307692 0.833333
vt 0.307692 0.888889
vt 0.307692 0.944444
vt 0.307692 1.000000
vt 0.307692 0.000000
vt 0.307692 0.055556
vt 0.307692 0.111111
vt 0.307692 0.166667
vt 0.307692 0.222222
vt 0.307692 0.277778
vt 0.307692 0.333333
vt 0.307692 0.388889
vt 0.307692 0.444444
vt 0.384615 0.500000
vt 0.384615 0.555556
vt 0.384615 0.611111
vt 0.384615 0.666667
vt 0.384615 0.722222
vt 0.384615 0.777778
vt 0.384615 0.833333
vt 0.384615 0.888889
vt 0.384615 0.944444
vt 0.384615 1.000000
vt 0.384615 0.000000
vt 0.384615 0.055556
vt 0.384615 0.111111
vt 0.384615 0.166667
vt 0.384615 0.222222
vt 0.384615 0.277778
vt 0.384615 0.333333
vt 0.384615 0.388889
vt 0.384615 0.444444
vt 0.461538 0.500000
vt 0.461538 0.555556
vt 0.461538 0.611111
vt 0.461538 0.666667
vt 0.461538 0.722222
vt 0.461538 0.777778
vt 0.461538 0.833333
vt 0.461538 0.888889
vt 0.461538 0.944444
vt 0.461538 1.000000
vt 0.461538 0.000000
vt 0.461538 0.055556
vt 0.461538 0.111111
vt 0.461538 0.166667
vt 0.461538 0.222222
vt 0.461538 0.277778
vt 0.461538 0.333333
vt 0.461538 0.388889
vt 0.461538 0.444444
s 0
f 1/1/1 19/2/1 20/3/1 2/4/1
f 2/4/2 20/3/2 21/5/2 3/6/2
f 3/6/3 21/5/3 22/7/3 4/8/3
f 4/8/4 22/7/4 23/9/4 5/10/4
f 5/10/5 23/9/5 24/11/5 6/12/5
f 6/12/6 24/11/6 25/13/6 7/14/6
f 7/14/7 25/13/7 26/15/7 8/16/7
f 8/16/8 26/15/8 27/17/8 9/18/8
f 9/18/9 27/17/9 28/19/9 10/20/9
f 10/21/10 28/22/10 29/23/10 11/24/10
f 11/24/11 29/23/11 30/25/11 12/26/11
f 12/26/12 30/25/12 31/27/12 13/28/12
f 13/28/13 31/27/13 32/29/13 14/30/13
f 14/30/14 32/29/14 33/31/14 15/32/14
f 15/32/15 33/31/15 34/33/15 16/34/15
f 16/34/16 34/33/16 35/35/16 17/36/16
f 17/36/17 35/35/17 36/37/17 18/38/17
f 18/38/18 36/37/18 19/2/18 1/1/18
f 19/2/19 37/39/19 38/40/19 20/3/19
f 20/3/20 38/40/20 39/41/20 21/5/20
f 21/5/21 39/41/21 40/42/21 22/7/21
f 22/7/22 40/42/22 41/43/22 23/9/22
f 23/9/5 41/43/5 42/44/5 24/11/5
f 24/11/23 42/44/23 43/45/23 25/13/23
f 25/13/24 43/45/24 44/46/24 26/15/24
f 26/15/25 44/46/25 45/47/25 27/17/25
f 27/17/26 45/47/26 46/48/26 28/19/26
f 28/22/27 46/49/27 47/50/27 29/23/27
f 29/23/28 47/50/28 48/51/28 30/25/28
f 30/25/29 48/51/29 49/52/29 31/27/29
f 31/27/30 49/52/30 50/53/30 32/29/30
f 32/29/14 50/53/14 51/54/14 33/31/14
f 33/31/31 51/54/31 52/55/31 34/33/31
f 34/33/32 52/55/32 53/56/32 35/35/32
f 35/35/33 53/56/33 54/57/33 36/37/33
f 36/37/34 54/57/34 37/39/34 19/2/34
f 37/39/35 55/58/35 56/59/35 38/40/35
f 38/40/36 56/59/36 57/60/36 39/41/36
f 39/41/37 57/60/37 58/61/37 40/42/37
f 40/42/38 58/61/38 59/62/38 41/43/38
f 41/43/5 59/62/5 60/63/5 42/44/5
f 42/44/39 60/63/39 61/64/39 43/45/39
f 43/45/40 61/64/40 62/65/40 44/46/40
f 44/46/41 62/65/41 63/66/41 45/47/41
f 45/47/42 63/66/42 64/67/42 46/48/42
f 46/49/43 64/68/43 65/69/43 47/50/43
f 47/50/44 65/69/44 66/70/44 48/51/44
f 48/51/45 66/70/45 67/71/45 49/52/45
f 49/52/46 67/71/46 68/72/46 50/53/46
f 50/53/14 68/72/14 69/73/14 51/54/14
f 51/54/47 69/73/47 70/74/47 52/55/47
f 52/55/48 70/74/48 71/75/48 53/56/48
f 53/56/49 71/75/49 72/76/49 54/57/49
f 54/57/50 72/76/50 55/58/50 37/39/50
f 55/58/51 73/77/51 74/78/51 56/59/51
f 56/59/52 74/78/52 75/79/52 57/60/52
f 57/60/53 75/79/53 76/80/53 58/61/53
f 58/61/54 76/80/54 77/81/54 59/62/54
f 59/62/5 77/81/5 78/82/5 60/63/5
f 60/63/55 78/82/55 79/83/55 61/64/55
f 61/64/56 79/83/56 80/84/56 62/65/56
f 62/65/57 80/84/57 81/85/57 63/66/57
f 63/66/58 81/85/58 82/86/58 64/67/58
f 64/68/59 82/87/59 83/88/59 65/69/59
f 65/69/60 83/88/60 84/89/60 66/70/60
f 66/70/61 84/89/61 85/90/61 67/71/61
f 67/71/62 85/90/62 86/91/62 68/72/62
f 68/72/14 86/91/14 87/92/14 69/73/14
f 69/73/63 87/92/63 88/93/63 70/74/63
f 70/74/64 88/93/64 89/94/64 71/75/64
f 71/75/65 89/94/65 90/95/65 72/76/65
f 72/76/66 90/95/66 73/77/66 55/58/66
f 73/77/67 91/96/67 92/97/67 74/78/67
f 74/78/68 92/97/68 93/98/68 75/79/68
f 75/79/69 93/98/69 94/99/69 76/80/69
f 76/80/70 94/99/70 95/100/70 77/81/70
f 77/81/5 95/100/5 96/101/5 78/82/5
f 78/82/71 96/101/71 97/102/71 79/83/71
f 79/83/72 97/102/72 98/103/72 80/84/72
f 80/84/73 98/103/73 99/104/73 81/85/73
f 81/85/74 99/104/74 100/105/74 82/86/74
f 82/87/75 100/106/75 101/107/75 83/88/75
f 83/88/76 101/107/76 102/108/76 84/89/76
f 84/89/77 102/108/77 103/109/77 85/90/77
f 85/90/78 103/109/78 104/110/78 86/91/78
f 86/91/14 104/110/14 105/111/14 87/92/14
f 87/92/79 105/111/79 106/112/79 88/93/79
f 88/93/80 106/112/80 107/113/80 89/94/80
f 89/94/81 107/113/81 108/114/81 90/95/81
f 90/95/82 108/114/82 91/96/82 73/77/82
f 91/96/83 109/115/83 110/116/83 92/97/83
f 92/97/84 110/116/84 111/117/84 93/98/84
f 93/98/85 111/117/85 112/118/85 94/99/85
f 94/99/86 112/118/86 113/119/86 95/100/86
f 95/100/5 113/119/5 114/120/5 96/101/5
f 96/101/87 114/120/87 115/121/87 97/102/87
f 97/102/88 115/121/88 116/122/88 98/103/88
f 98/103/89 116/122/89 117/123/89 99/104/89
f 99/104/90 117/123/90 118/124/90 100/105/90
f 100/106/91 118/125/91 119/126/91 101/107/91
f 101/107/92 119/126/92 120/127/92 102/108/92
f 102/108/93 120/127/93 121/128/93 103/109/93
f 103/109/94 121/128/94 122/129/94 104/110/94
f 104/110/14 122/129/14 123/130/14 105/111/14
f 105/111/95 123/130/95 124/131/95 106/112/95
f 106/112/96 124/131/96 125/132/96 107/113/96
f 107/113/97 125/132/97 126/133/97 108/114/97
f 108/114/98 126/133/98 109/115/98 91/96/98
f 109/134/99 127/135/99 128/136/99 110/137/99
f 110/137/100 128/136/100 129/138/100 111/139/100
f 111/139/101 129/138/101 130/140/101 112/141/101
f 112/141/102 130/140/102 131/142/102 113/143/102
f 113/143/5 131/142/5 132/144/5 114/145/5
f 114/145/103 132/144/103 133/146/103 115/147/103
f 115/147/104 133/146/104 134/148/104 116/149/104
f 116/149/105 134/148/105 135/150/105 117/151/105
f 117/151/106 135/150/106 136/152/106 118/153/106
f 118/154/107 136/155/107 137/156/107 119/157/107
f 119/157/108 137/156/108 138/158/108 120/159/108
f 120/159/109 138/158/109 139/160/109 121/161/109
f 121/161/110 139/160/110 140/162/110 122/163/110
f 122/163/14 140/162/14 141/164/14 123/165/14
f 123/165/111 141/164/111 142/166/111 124/167/111
f 124/167/112 142/166/112 143/168/112 125/169/112
f 125/169/113 143/168/113 144/170/113 126/171/113
f 126/171/114 144/170/114 127/135/114 109/134/114
f 127/135/115 145/172/115 146/173/115 128/136/115
f 128/136/116 146/173/116 147/174/116 129/138/116
f 129/138/117 147/174/117 148/175/117 130/140/117
f 130/140/118 148/175/118 149/176/118 131/142/118
f 131/142/5 149/176/5 150/177/5 132/144/5
f 132/144/119 150/177/119 151/178/119 133/146/119
f 133/146/120 151/178/120 152/179/120 134/148/120
f 134/148/121 152/179/121 153/180/121 135/150/121
f 135/150/122 153/180/122 154/181/122 136/152/122
f 136/155/123 154/182/123 155/183/123 137/156/123
f 137/156/124 155/183/124 156/184/124 138/158/124
f 138/158/125 156/184/125 157/185/125 139/160/125
f 139/160/126 157/185/126 158/186/126 140/162/126
f 140/162/14 158/186/14 159/187/14 141/164/14
f 141/164/127 159/187/127 160/188/127 142/166/127
f 142/166/128 160/188/128 161/189/128 143/168/128
f 143/168/129 161/189/129 162/190/129 144/170/129
f 144/170/130 162/190/130 145/172/130 127/135/130
f 145/172/131 163/191/131 164/192/131 146/173/131
f 146/173/132 164/192/132 165/193/132 147/174/132
f 147/174/133 165/193/133 166/194/133 148/175/133
f 148/175/134 166/194/134 167/195/134 149/176/134
f 149/176/5 167/195/5 168/196/5 150/177/5
f 150/177/135 168/196/135 169/197/135 151/178/135
f 151/178/136 169/197/136 170/198/136 152/179/136
f 152/179/137 170/198/137 171/199/137 153/180/137
f 153/180/138 171/199/138 172/200/138 154/181/138
f 154/182/139 172/201/139 173/202/139 155/183/139
f 155/183/140 173/202/140 174/203/140 156/184/140
f 156/184/141 174/203/141 175/204/141 157/185/141
f 157/185/142 175/204/142 176/205/142 158/186/142
f 158/186/14 176/205/14 177/206/14 159/187/14
f 159/187/143 177/206/143 178/207/143 160/188/143
f 160/188/144 178/207/144 179/208/144 161/189/144
f 161/189/145 179/208/145 180/209/145 162/190/145
f 162/190/146 180/209/146 163/191/146 145/172/146
f 163/191/147 181/210/147 182/211/147 164/192/147
f 164/192/148 182/211/148 183/212/148 165/193/148
f 165/193/149 183/212/149 184/213/149 166/194/149
f 166/194/150 184/213/150 185/214/150 167/195/150
f 167/195/5 185/214/5 186/215/5 168/196/5
f 168/196/151 186/215/151 187/216/151 169/197/151
f 169/197/152 187/216/152 188/217/152 170/198/152
f 170/198/153 188/217/153 189/218/153 171/199/153
f 171/199/154 189/218/154 190/219/154 172/200/154
f 172/201/155 190/220/155 191/221/155 173/202/155
f 173/202/156 191/221/156 192/222/156 174/203/156
f 174/203/157 192/222/157 193/223/157 175/204/157
f 175/204/158 193/223/158 194/224/158 176/205/158
f 176/205/14 194/224/14 195/225/14 177/206/14
f 177/206/159 195/225/159 196/226/159 178/207/159
f 178/207/160 196/226/160 197/227/160 179/208/160
f 179/208/161 197/227/161 198/228/161 180/209/161
f 180/209/162 198/228/162 181/210/162 163/191/162
f 181/210/163 199/229/163 200/230/163 182/211/163
f 182/211/164 200/230/164 201/231/164 183/212/164
f 183/212/165 201/231/165 202/232/165 184/213/165
f 184/213/166 202/232/166 203/233/166 185/214/166
f 185/214/5 203/233/5 204/234/5 186/215/5
f 186/215/167 204/234/167 205/235/167 187/216/167
f 187/216/168 205/235/168 206/236/168 188/217/168
f 188/217/169 206/236/169 207/237/169 189/218/169
f 189/218/170 207/237/170 208/238/170 190/219/170
f 190/220/171 208/239/171 209/240/171 191/221/171
f 191/221/172 209/240/172 210/241/172 192/222/172
f 192/222/173 210/241/173 211/242/173 193/223/173
f 193/223/174 211/242/174 212/243/174 194/224/174
f 194/224/14 212/243/14 213/244/14 195/225/14
f 195/225/175 213/244/175 214/245/175 196/226/175
f 196/226/176 214/245/176 215/246/176 197/227/176
f 197/227/177 215/246/177 216/247/177 198/228/177
f 198/228/178 216/247/178 199/229/178 181/210/178
f 199/229/179 217/248/179 218/249/179 200/230/179
f 200/230/180 218/249/180 219/250/180 201/231/180
f 201/231/181 219/250/181 220/251/181 202/232/181
f 202/232/182 220/251/182 221/252/182 203/233/182
f 203/233/5 221/252/5 222/253/5 204/234/5
f 204/234/183 222/253/183 223/254/183 205/235/183
f 205/235/184 223/254/184 224/255/184 206/236/184
f 206/236/185 224/255/185 225/256/185 207/237/185
f 207/237/186 225/256/186 226/257/186 208/238/186
f 208/239/187 226/258/187 227/259/187 209/240/187
f 209/240/188 227/259/188 228/260/188 210/241/188
f 210/241/189 228/260/189 229/261/189 211/242/189
f 211/242/190 229/261/190 230/262/190 212/243/190
f 212/243/14 230/262/14 231/263/14 213/244/14
f 213/244/191 231/263/191 232/264/191 214/245/191
f 214/245/192 232/264/192 233/265/192 215/246/192
f 215/246/193 233/265/193 234/266/193 216/247/193
f 216/247/194 234/266/194 217/248/194 199/229/194
f 217/248/195 1/1/195 2/4/195 218/249/195
f 218/249/196 2/4/196 3/6/196 219/250/196
f 219/250/197 3/6/197 4/8/197 220/251/197
f 220/251/198 4/8/198 5/10/198 221/252/198
f 221/252/5 5/10/5 6/12/5 222/253/5
f 222/253/199 6/12/199 7/14/199 223/254/199
f 223/254/200 7/14/200 8/16/200 224/255/200
f 224/255/201 8/16/201 9/18/201 225/256/201
f 225/256/202 9/18/202 10/20/202 226/257/202
f 226/258/203 10/21/203 11/24/203 227/259/203
f 227/259/204 11/24/204 12/26/204 228/260/204
f 228/260/205 12/26/205 13/28/205 229/261/205
f 229/261/206 13/28/206 14/30/206 230/262/206
f 230/262/14 14/30/14 15/32/14 231/263/14
f 231/263/207 15/32/207 16/34/207 232/264/207
f 232/264/208 16/34/208 17/36/208 233/265/208
f 233/265/209 17/36/209 18/38/209 234/266/209
f 234/266/210 18/38/210 1/1/210 217/248/210
o Cylinder
v 0.000000 0.150000 -2.020000
v 0.000000 0.150000 1.460000
v 0.088168 0.121353 -2.020000
v 0.088168 0.121353 1.460000
v 0.142659 0.046353 -2.020000
v 0.142659 0.046352 1.460000
v 0.142659 -0.046352 -2.020000
v 0.142659 -0.046353 1.460000
v 0.088168 -0.121353 -2.020000
v 0.088168 -0.121353 1.460000
v 0.000000 -0.150000 -2.020000
v 0.000000 -0.150000 1.460000
v -0.088168 -0.121353 -2.020000
v -0.088168 -0.121353 1.460000
v -0.142659 -0.046352 -2.020000
v -0.142659 -0.046353 1.460000
v -0.142659 0.046353 -2.020000
v -0.142659 0.046352 1.460000
v -0.088168 0.121353 -2.020000
v -0.088168 0.121353 1.460000
vn 0.3090 0.9511 -0.0000
vn 0.8090 0.5878 -0.0000
vn 1.0000 -0.0000 -0.0000
vn 0.8090 -0.5878 -0.0000
vn 0.3090 -0.9511 -0.0000
vn -0.3090 -0.9511 -0.0000
vn -0.8090 -0.5878 -0.0000
vn -1.0000 -0.0000 -0.0000
vn -0.0000 -0.0000 1.0000
vn -0.8090 0.5878 -0.0000
vn -0.3090 0.9511 -0.0000
vn -0.0000 -0.0000 -1.0000
vt 1.000000 0.500000
vt 1.000000 1.000000
vt 0.900000 1.000000
vt 0.900000 0.500000
vt 0.800000 1.000000
vt 0.800000 0.500000
vt 0.700000 1.000000
vt 0.700000 0.500000
vt 0.600000 1.000000
vt 0.600000 0.500000
vt 0.500000 1.000000
vt 0.500000 0.500000
vt 0.400000 1.000000
vt 0.400000 0.500000
vt 0.300000 1.000000
vt 0.300000 0.500000
vt 0.200000 1.000000
vt 0.200000 0.500000
vt 0.391068 0.444164
vt 0.250000 0.490000
vt 0.108932 0.444164
vt 0.021746 0.324164
vt 0.021746 0.175836
vt 0.108932 0.055836
vt 0.250000 0.010000
vt 0.391068 0.055836
vt 0.478254 0.175836
vt 0.478254 0.324164
vt 0.100000 1.000000
vt 0.100000 0.500000
vt -0.000000 1.000000
vt -0.000000 0.500000
vt 0.750000 0.490000
vt 0.891068 0.444164
vt 0.978254 0.324164
vt 0.978254 0.175836
vt 0.891068 0.055836
vt 0.750000 0.010000
vt 0.608932 0.055836
vt 0.521746 0.175836
vt 0.521746 0.324164
vt 0.608932 0.444164
s 0
f 235/267/211 236/268/211 238/269/211 237/270/211
f 237/270/212 238/269/212 240/271/212 239/272/212
f 239/272/213 240/271/213 242/273/213 241/274/213
f 241/274/214 242/273/214 244/275/214 243/276/214
f 243/276/215 244/275/215 246/277/215 245/278/215
f 245/278/216 246/277/216 248/279/216 247/280/216
f 247/280/217 248/279/217 250/281/217 249/282/217
f 249/282/218 250/281/218 252/283/218 251/284/218
f 238/285/219 236/286/219 254/287/219 252/288/219 250/289/219 248/290/219 246/291/219 244/292/219 242/293/219 240/294/219
f 251/284/220 252/283/220 254/295/220 253/296/220
f 253/296/221 254/295/221 236/297/221 235/298/221
f 235/299/222 237/300/222 239/301/222 241/302/222 243/303/222 245/304/222 247/305/222 249/306/222 251/307/222 253/308/222
o Torus.002
v 0.250000 0.000000 -1.340000
v 0.245175 0.000000 -1.312638
v 0.231284 0.000000 -1.288577
v 0.210000 0.000000 -1.270718
v 0.183892 0.000000 -1.261215
v 0.156108 0.000000 -1.261215
v 0.130000 0.000000 -1.270718
v 0.108716 0.000000 -1.288577
v 0.094825 0.000000 -1.312638
v 0.090000 0.000000 -1.340000
v 0.094825 -0.000000 -1.367362
v 0.108716 -0.000000 -1.391423
v 0.130000 -0.000000 -1.409282
v 0.156108 -0.000000 -1.418784
v 0.183892 -0.000000 -1.418784
v 0.210000 -0.000000 -1.409282
v 0.231284 -0.000000 -1.391423
v 0.245175 -0.000000 -1.367362
v 0.221364 0.116181 -1.340000
v 0.217092 0.113939 -1.312638
v 0.204791 0.107483 -1.288577
v 0.185946 0.097592 -1.270718
v 0.162828 0.085459 -1.261215
v 0.138227 0.072547 -1.261215
v 0.115109 0.060414 -1.270718
v 0.096264 0.050523 -1.288577
v 0.083963 0.044067 -1.312638
v 0.079691 0.041825 -1.340000
v 0.083963 0.044067 -1.367362
v 0.096264 0.050523 -1.391423
v 0.115109 0.060414 -1.409282
v 0.138227 0.072547 -1.418784
v 0.162828 0.085459 -1.418784
v 0.185946 0.097592 -1.409282
v 0.204791 0.107483 -1.391423
v 0.217092 0.113939 -1.367362
v 0.142016 0.205746 -1.340000
v 0.139275 0.201775 -1.312638
v 0.131384 0.190343 -1.288577
v 0.119294 0.172827 -1.270718
v 0.104462 0.151340 -1.261215
v 0.088680 0.128474 -1.261215
v 0.073848 0.106988 -1.270718
v 0.061758 0.089472 -1.288577
v 0.053866 0.078039 -1.312638
v 0.051126 0.074069 -1.340000
v 0.053866 0.078039 -1.367362
v 0.061758 0.089472 -1.391423
v 0.073848 0.106988 -1.409282
v 0.088680 0.128474 -1.418784
v 0.104462 0.151340 -1.418785
v 0.119294 0.172827 -1.409282
v 0.131384 0.190343 -1.391423
v 0.139275 0.201775 -1.367362
v 0.030134 0.248177 -1.340000
v 0.029553 0.243388 -1.312638
v 0.027878 0.229597 -1.288577
v 0.025313 0.208469 -1.270718
v 0.022166 0.182551 -1.261215
v 0.018817 0.154970 -1.261215
v 0.015670 0.129052 -1.270718
v 0.013104 0.107924 -1.288577
v 0.011430 0.094133 -1.312638
v 0.010848 0.089344 -1.340000
v 0.011430 0.094133 -1.367362
v 0.013104 0.107924 -1.391423
v 0.015670 0.129052 -1.409282
v 0.018817 0.154970 -1.418785
v 0.022166 0.182551 -1.418785
v 0.025313 0.208469 -1.409282
v 0.027878 0.229597 -1.391423
v 0.029553 0.243388 -1.367362
v -0.088651 0.233754 -1.340000
v -0.086940 0.229243 -1.312638
v -0.082014 0.216254 -1.288577
v -0.074467 0.196353 -1.270718
v -0.065209 0.171942 -1.261215
v -0.055357 0.145964 -1.261215
v -0.046099 0.121552 -1.270718
v -0.038551 0.101652 -1.288577
v -0.033625 0.088663 -1.312638
v -0.031914 0.084151 -1.340000
v -0.033625 0.088663 -1.367362
v -0.038551 0.101652 -1.391423
v -0.046099 0.121552 -1.409282
v -0.055357 0.145964 -1.418784
v -0.065209 0.171942 -1.418785
v -0.074467 0.196353 -1.409282
v -0.082014 0.216254 -1.391423
v -0.086940 0.229243 -1.367362
v -0.187128 0.165781 -1.340000
v -0.183516 0.162581 -1.312638
v -0.173118 0.153369 -1.288577
v -0.157187 0.139256 -1.270718
v -0.137645 0.121943 -1.261215
v -0.116849 0.103519 -1.261215
v -0.097306 0.086206 -1.270718
v -0.081375 0.072092 -1.288577
v -0.070977 0.062880 -1.312638
v -0.067366 0.059681 -1.340000
v -0.070977 0.062880 -1.367362
v -0.081375 0.072092 -1.391423
v -0.097306 0.086206 -1.409282
v -0.116849 0.103519 -1.418784
v -0.137645 0.121943 -1.418784
v -0.157187 0.139256 -1.409282
v -0.173118 0.153369 -1.391423
v -0.183516 0.162581 -1.367362
v -0.242735 0.059829 -1.340000
v -0.238051 0.058674 -1.312638
v -0.224563 0.055350 -1.288577
v -0.203898 0.050256 -1.270718
v -0.178548 0.044008 -1.261215
v -0.151572 0.037359 -1.261215
v -0.126222 0.031111 -1.270718
v -0.105557 0.026018 -1.288577
v -0.092069 0.022693 -1.312638
v -0.087385 0.021538 -1.340000
v -0.092069 0.022693 -1.367362
v -0.105557 0.026018 -1.391423
v -0.126222 0.031111 -1.409282
v -0.151572 0.037359 -1.418784
v -0.178548 0.044008 -1.418784
v -0.203898 0.050256 -1.409282
v -0.224563 0.055350 -1.391423
v -0.238051 0.058674 -1.367362
v -0.242735 -0.059829 -1.340000
v -0.238051 -0.058674 -1.312638
v -0.224563 -0.055350 -1.288577
v -0.203898 -0.050256 -1.270718
v -0.178548 -0.044008 -1.261215
v -0.151572 -0.037359 -1.261215
v -0.126222 -0.031111 -1.270718
v -0.105557 -0.026017 -1.288577
v -0.092069 -0.022693 -1.312638
v -0.087385 -0.021538 -1.340000
v -0.092069 -0.022693 -1.367362
v -0.105557 -0.026017 -1.391423
v -0.126222 -0.031111 -1.409282
v -0.151572 -0.037359 -1.418784
v -0.178548 -0.044008 -1.418784
v -0.203898 -0.050256 -1.409282
v -0.224563 -0.055350 -1.391423
v -0.238051 -0.058674 -1.367362
v -0.187128 -0.165781 -1.340000
v -0.183516 -0.162581 -1.312638
v -0.173118 -0.153369 -1.288577
v -0.157187 -0.139256 -1.270718
v -0.137645 -0.121943 -1.261215
v -0.116849 -0.103519 -1.261215
v -0.097306 -0.086206 -1.270718
v -0.081375 -0.072092 -1.288577
v -0.070977 -0.062880 -1.312638
v -0.067366 -0.059681 -1.340000
v -0.070977 -0.062880 -1.367362
v -0.081375 -0.072092 -1.391423
v -0.097306 -0.086206 -1.409282
v -0.116849 -0.103519 -1.418784
v -0.137645 -0.121943 -1.418784
v -0.157187 -0.139256 -1.409282
v -0.173118 -0.153369 -1.391423
v -0.183516 -0.162581 -1.367362
v -0.088651 -0.233754 -1.340000
v -0.086940 -0.229243 -1.312638
v -0.082014 -0.216254 -1.288577
v -0.074467 -0.196353 -1.270718
v -0.065209 -0.171942 -1.261215
v -0.055357 -0.145964 -1.261215
v -0.046099 -0.121552 -1.270718
v -0.038551 -0.101652 -1.288577
v -0.033625 -0.088663 -1.312638
v -0.031914 -0.084151 -1.340000
v -0.033625 -0.088663 -1.367362
v -0.038551 -0.101652 -1.391423
v -0.046099 -0.121552 -1.409282
v -0.055357 -0.145964 -1.418784
v -0.065209 -0.171942 -1.418784
v -0.074467 -0.196353 -1.409282
v -0.082014 -0.216254 -1.391423
v -0.086940 -0.229243 -1.367362
v 0.030134 -0.248177 -1.340000
v 0.029553 -0.243388 -1.312638
v 0.027878 -0.229597 -1.288577
v 0.025313 -0.208469 -1.270718
v 0.022166 -0.182551 -1.261215
v 0.018817 -0.154970 -1.261215
v 0.015670 -0.129052 -1.270718
v 0.013104 -0.107924 -1.288577
v 0.011430 -0.094133 -1.312638
v 0.010848 -0.089344 -1.340000
v 0.011430 -0.094133 -1.367362
v 0.013104 -0.107924 -1.391423
v 0.015670 -0.129052 -1.409282
v 0.018817 -0.154970 -1.418784
v 0.022166 -0.182551 -1.418784
v 0.025313 -0.208469 -1.409282
v 0.027878 -0.229597 -1.391423
v 0.029553 -0.243388 -1.367362
v 0.142016 -0.205746 -1.340000
v 0.139275 -0.201775 -1.312638
v 0.131384 -0.190343 -1.288577
v 0.119293 -0.172827 -1.270718
v 0.104462 -0.151340 -1.261215
v 0.088679 -0.128475 -1.261215
v 0.073848 -0.106988 -1.270718
v 0.061758 -0.089472 -1.288577
v 0.053866 -0.078039 -1.312638
v 0.051126 -0.074069 -1.340000
v 0.053866 -0.078039 -1.367362
v 0.061758 -0.089472 -1.391423
v 0.073848 -0.106988 -1.409282
v 0.088679 -0.128475 -1.418784
v 0.104462 -0.151340 -1.418784
v 0.119293 -0.172827 -1.409282
v 0.131384 -0.190343 -1.391423
v 0.139275 -0.201775 -1.367362
v 0.221364 -0.116181 -1.340000
v 0.217092 -0.113939 -1.312638
v 0.204791 -0.107483 -1.288577
v 0.185946 -0.097592 -1.270718
v 0.162828 -0.085459 -1.261215
v 0.138227 -0.072547 -1.261215
v 0.115109 -0.060414 -1.270718
v 0.096264 -0.050523 -1.288577
v 0.083963 -0.044067 -1.312638
v 0.079691 -0.041825 -1.340000
v 0.083963 -0.044067 -1.367362
v 0.096264 -0.050523 -1.391423
v 0.115109 -0.060414 -1.409282
v 0.138227 -0.072547 -1.418784
v 0.162828 -0.085459 -1.418784
v 0.185946 -0.097592 -1.409282
v 0.204791 -0.107483 -1.391423
v 0.217092 -0.113939 -1.367362
vn 0.9570 0.2359 0.1687
vn 0.8469 0.2088 0.4890
vn 0.6349 0.1565 0.7566
vn 0.3408 0.0840 0.9364
vn -0.0000 -0.0000 1.0000
vn -0.3408 -0.0840 0.9364
vn -0.6349 -0.1565 0.7566
vn -0.8469 -0.2088 0.4890
vn -0.9570 -0.2359 0.1687
vn -0.9570 -0.2359 -0.1687
vn -0.8469 -0.2088 -0.4890
vn -0.6349 -0.1565 -0.7566
vn -0.3408 -0.0840 -0.9364
vn -0.0000 -0.0000 -1.0000
vn 0.3408 0.0840 -0.9364
vn 0.6349 0.1565 -0.7566
vn 0.8469 0.2088 -0.4890
vn 0.9570 0.2359 -0.1687
vn 0.7378 0.6536 0.1687
vn 0.6529 0.5784 0.4890
vn 0.4894 0.4336 0.7566
vn 0.2627 0.2328 0.9364
vn -0.2627 -0.2328 0.9364
vn -0.4894 -0.4336 0.7566
vn -0.6529 -0.5784 0.4890
vn -0.7378 -0.6536 0.1687
vn -0.7378 -0.6536 -0.1687
vn -0.6529 -0.5784 -0.4890
vn -0.4894 -0.4336 -0.7566
vn -0.2627 -0.2328 -0.9364
vn 0.2627 0.2328 -0.9364
vn 0.4894 0.4336 -0.7566
vn 0.6529 0.5784 -0.4890
vn 0.7378 0.6536 -0.1687
vn 0.3495 0.9216 0.1687
vn 0.3093 0.8156 0.4890
vn 0.2319 0.6114 0.7566
vn 0.1245 0.3282 0.9364
vn -0.1245 -0.3282 0.9364
vn -0.2319 -0.6114 0.7566
vn -0.3093 -0.8156 0.4890
vn -0.3495 -0.9216 0.1687
vn -0.3495 -0.9216 -0.1687
vn -0.3093 -0.8156 -0.4890
vn -0.2319 -0.6114 -0.7566
vn -0.1245 -0.3282 -0.9364
vn 0.1245 0.3282 -0.9364
vn 0.2319 0.6114 -0.7566
vn 0.3093 0.8156 -0.4890
vn 0.3495 0.9216 -0.1687
vn -0.1188 0.9785 0.1687
vn -0.1051 0.8659 0.4890
vn -0.0788 0.6491 0.7566
vn -0.0423 0.3484 0.9364
vn 0.0423 -0.3485 0.9364
vn 0.0788 -0.6491 0.7566
vn 0.1051 -0.8659 0.4890
vn 0.1188 -0.9785 0.1687
vn 0.1188 -0.9785 -0.1687
vn 0.1051 -0.8659 -0.4890
vn 0.0788 -0.6491 -0.7566
vn 0.0423 -0.3485 -0.9364
vn -0.0423 0.3485 -0.9364
vn -0.0788 0.6491 -0.7566
vn -0.1051 0.8659 -0.4890
vn -0.1188 0.9785 -0.1687
vn -0.5599 0.8112 0.1687
vn -0.4955 0.7179 0.4890
vn -0.3714 0.5381 0.7566
vn -0.1994 0.2889 0.9364
vn 0.1994 -0.2889 0.9364
vn 0.3714 -0.5381 0.7566
vn 0.4955 -0.7179 0.4890
vn 0.5599 -0.8112 0.1687
vn 0.5599 -0.8112 -0.1687
vn 0.4955 -0.7179 -0.4890
vn 0.3714 -0.5381 -0.7566
vn 0.1994 -0.2889 -0.9364
vn -0.1994 0.2889 -0.9364
vn -0.3714 0.5381 -0.7566
vn -0.4955 0.7179 -0.4890
vn -0.5599 0.8112 -0.1687
vn -0.8728 0.4581 0.1687
vn -0.7724 0.4054 0.4890
vn -0.5790 0.3039 0.7566
vn -0.3108 0.1631 0.9364
vn 0.3108 -0.1631 0.9364
vn 0.5790 -0.3039 0.7566
vn 0.7724 -0.4054 0.4890
vn 0.8728 -0.4581 0.1687
vn 0.8728 -0.4581 -0.1687
vn 0.7724 -0.4054 -0.4890
vn 0.5790 -0.3039 -0.7566
vn 0.3108 -0.1631 -0.9364
vn -0.3108 0.1631 -0.9364
vn -0.5790 0.3039 -0.7566
vn -0.7724 0.4054 -0.4890
vn -0.8728 0.4581 -0.1687
vn -0.9857 -0.0000 0.1687
vn -0.8723 -0.0000 0.4890
vn -0.6539 -0.0000 0.7566
vn -0.3510 -0.0000 0.9364
vn 0.3510 -0.0000 0.9364
vn 0.6539 -0.0000 0.7566
vn 0.8723 -0.0000 0.4890
vn 0.9857 -0.0000 0.1687
vn 0.9857 -0.0000 -0.1687
vn 0.8723 -0.0000 -0.4890
vn 0.6539 -0.0000 -0.7566
vn 0.3510 -0.0000 -0.9364
vn -0.3510 -0.0000 -0.9364
vn -0.6539 -0.0000 -0.7566
vn -0.8723 -0.0000 -0.4890
vn -0.9857 -0.0000 -0.1687
vn -0.8728 -0.4581 0.1687
vn -0.7724 -0.4054 0.4890
vn -0.5790 -0.3039 0.7566
vn -0.3108 -0.1631 0.9364
vn 0.3108 0.1631 0.9364
vn 0.5790 0.3039 0.7566
vn 0.7724 0.4054 0.4890
vn 0.8728 0.4581 0.1687
vn 0.8728 0.4581 -0.1687
vn 0.7724 0.4054 -0.4890
vn 0.5790 0.3039 -0.7566
vn 0.3108 0.1631 -0.9364
vn -0.3108 -0.1631 -0.9364
vn -0.5790 -0.3039 -0.7566
vn -0.7724 -0.4054 -0.4890
vn -0.8728 -0.4581 -0.1687
vn -0.5599 -0.8112 0.1687
vn -0.4955 -0.7179 0.4890
vn -0.3714 -0.5381 0.7566
vn -0.1994 -0.2889 0.9364
vn 0.1994 0.2889 0.9364
vn 0.3714 0.5381 0.7566
vn 0.4955 0.7179 0.4890
vn 0.5599 0.8112 0.1687
vn 0.5599 0.8112 -0.1687
vn 0.4955 0.7179 -0.4890
vn 0.3714 0.5381 -0.7566
vn 0.1994 0.2889 -0.9364
vn -0.1994 -0.2889 -0.9364
vn -0.3714 -0.5381 -0.7566
vn -0.4955 -0.7179 -0.4890
vn -0.5599 -0.8112 -0.1687
vn -0.1188 -0.9785 0.1687
vn -0.1051 -0.8659 0.4890
vn -0.0788 -0.6491 0.7566
vn -0.0423 -0.3485 0.9364
vn 0.0423 0.3485 0.9364
vn 0.0788 0.6491 0.7566
vn 0.1051 0.8659 0.4890
vn 0.1188 0.9785 0.1687
vn 0.1188 0.9785 -0.1687
vn 0.1051 0.8659 -0.4890
vn 0.0788 0.6491 -0.7566
vn 0.0423 0.3485 -0.9364
vn -0.0423 -0.3484 -0.9364
vn -0.0788 -0.6491 -0.7566
vn -0.1051 -0.8659 -0.4890
vn -0.1188 -0.9785 -0.1687
vn 0.3495 -0.9216 0.1687
vn 0.3093 -0.8156 0.4890
vn 0.2319 -0.6114 0.7566
vn 0.1245 -0.3282 0.9364
vn -0.1245 0.3282 0.9364
vn -0.2319 0.6114 0.7566
vn -0.3093 0.8156 0.4890
vn -0.3495 0.9216 0.1687
vn -0.3495 0.9216 -0.1687
vn -0.3093 0.8156 -0.4890
vn -0.2319 0.6114 -0.7566
vn -0.1245 0.3282 -0.9364
vn 0.1245 -0.3282 -0.9364
vn 0.2319 -0.6114 -0.7566
vn 0.3093 -0.8156 -0.4890
vn 0.3495 -0.9216 -0.1687
vn 0.7378 -0.6536 0.1687
vn 0.6529 -0.5784 0.4890
vn 0.4894 -0.4336 0.7566
vn 0.2627 -0.2328 0.9364
vn -0.2627 0.2328 0.9364
vn -0.4894 0.4336 0.7566
vn -0.6529 0.5784 0.4890
vn -0.7378 0.6536 0.1687
vn -0.7378 0.6536 -0.1687
vn -0.6529 0.5784 -0.4890
vn -0.4894 0.4336 -0.7566
vn -0.2627 0.2328 -0.9364
vn 0.2627 -0.2328 -0.9364
vn 0.4894 -0.4336 -0.7566
vn 0.6529 -0.5784 -0.4890
vn 0.7378 -0.6536 -0.1687
vn 0.9570 -0.2359 0.1687
vn 0.8469 -0.2088 0.4890
vn 0.6349 -0.1565 0.7566
vn 0.3408 -0.0840 0.9364
vn -0.3408 0.0840 0.9364
vn -0.6349 0.1565 0.7566
vn -0.8469 0.2088 0.4890
vn -0.9570 0.2359 0.1687
vn -0.9570 0.2359 -0.1687
vn -0.8469 0.2088 -0.4890
vn -0.6349 0.1565 -0.7566
vn -0.3408 0.0840 -0.9364
vn 0.3408 -0.0840 -0.9364
vn 0.6349 -0.1565 -0.7566
vn 0.8469 -0.2088 -0.4890
vn 0.9570 -0.2359 -0.1687
vt 0.538462 0.500000
vt 0.615385 0.500000
vt 0.615385 0.555556
vt 0.538462 0.555556
vt 0.615385 0.611111
vt 0.538462 0.611111
vt 0.615385 0.666667
vt 0.538462 0.666667
vt 0.615385 0.722222
vt 0.538462 0.722222
vt 0.615385 0.777778
vt 0.538462 0.777778
vt 0.615385 0.833333
vt 0.538462 0.833333
vt 0.615385 0.888889
vt 0.538462 0.888889
vt 0.615385 0.944444
vt 0.538462 0.944444
vt 0.615385 1.000000
vt 0.538462 1.000000
vt 0.538462 0.000000
vt 0.615385 0.000000
vt 0.615385 0.055556
vt 0.538462 0.055556
vt 0.615385 0.111111
vt 0.538462 0.111111
vt 0.615385 0.166667
vt 0.538462 0.166667
vt 0.615385 0.222222
vt 0.538462 0.222222
vt 0.615385 0.277778
vt 0.538462 0.277778
vt 0.615385 0.333333
vt 0.538462 0.333333
vt 0.615385 0.388889
vt 0.538462 0.388889
vt 0.615385 0.444444
vt 0.538462 0.444444
vt 0.692308 0.500000
vt 0.692308 0.555556
vt 0.692308 0.611111
vt 0.692308 0.666667
vt 0.692308 0.722222
vt 0.692308 0.777778
vt 0.692308 0.833333
vt 0.692308 0.888889
vt 0.692308 0.944444
vt 0.692308 1.000000
vt 0.692308 0.000000
vt 0.692308 0.055556
vt 0.692308 0.111111
vt 0.692308 0.166667
vt 0.692308 0.222222
vt 0.692308 0.277778
vt 0.692308 0.333333
vt 0.692308 0.388889
vt 0.692308 0.444444
vt 0.769231 0.500000
vt 0.769231 0.555556
vt 0.769231 0.611111
vt 0.769231 0.666667
vt 0.769231 0.722222
vt 0.769231 0.777778
vt 0.769231 0.833333
vt 0.769231 0.888889
vt 0.769231 0.944444
vt 0.769231 1.000000
vt 0.769231 0.000000
vt 0.769231 0.055556
vt 0.769231 0.111111
vt 0.769231 0.166667
vt 0.769231 0.222222
vt 0.769231 0.277778
vt 0.769231 0.333333
vt 0.769231 0.388889
vt 0.769231 0.444444
vt 0.846154 0.500000
vt 0.846154 0.555556
vt 0.846154 0.611111
vt 0.846154 0.666667
vt 0.846154 0.722222
vt 0.846154 0.777778
vt 0.846154 0.833333
vt 0.846154 0.888889
vt 0.846154 0.944444
vt 0.846154 1.000000
vt 0.846154 0.000000
vt 0.846154 0.055556
vt 0.846154 0.111111
vt 0.846154 0.166667
vt 0.846154 0.222222
vt 0.846154 0.277778
vt 0.846154 0.333333
vt 0.846154 0.388889
vt 0.846154 0.444444
vt 0.923077 0.500000
vt 0.923077 0.555556
vt 0.923077 0.611111
vt 0.923077 0.666667
vt 0.923077 0.722222
vt 0.923077 0.777778
vt 0.923077 0.833333
vt 0.923077 0.888889
vt 0.923077 0.944444
vt 0.923077 1.000000
vt 0.923077 0.000000
vt 0.923077 0.055556
vt 0.923077 0.111111
vt 0.923077 0.166667
vt 0.923077 0.222222
vt 0.923077 0.277778
vt 0.923077 0.333333
vt 0.923077 0.388889
vt 0.923077 0.444444
vt 1.000000 0.500000
vt 1.000000 0.555556
vt 1.000000 0.611111
vt 1.000000 0.666667
vt 1.000000 0.722222
vt 1.000000 0.777778
vt 1.000000 0.833333
vt 1.000000 0.888889
vt 1.000000 0.944444
vt 1.000000 1.000000
vt 1.000000 0.000000
vt 1.000000 0.055556
vt 1.000000 0.111111
vt 1.000000 0.166667
vt 1.000000 0.222222
vt 1.000000 0.277778
vt 1.000000 0.333333
vt 1.000000 0.388889
vt 1.000000 0.444444
vt -0.000000 0.500000
vt 0.076923 0.500000
vt 0.076923 0.555556
vt -0.000000 0.555556
vt 0.076923 0.611111
vt -0.000000 0.611111
vt 0.076923 0.666667
vt -0.000000 0.666667
vt 0.076923 0.722222
vt -0.000000 0.722222
vt 0.076923 0.777778
vt -0.000000 0.777778
vt 0.076923 0.833333
vt -0.000000 0.833333
vt 0.076923 0.888889
vt -0.000000 0.888889
vt 0.076923 0.944444
vt -0.000000 0.944444
vt 0.076923 1.000000
vt -0.000000 1.000000
vt -0.000000 0.000000
vt 0.076923 0.000000
vt 0.076923 0.055556
vt -0.000000 0.055556
vt 0.076923 0.111111
vt -0.000000 0.111111
vt 0.076923 0.166667
vt -0.000000 0.166667
vt 0.076923 0.222222
vt -0.000000 0.222222
vt 0.076923 0.277778
vt -0.000000 0.277778
vt 0.076923 0.333333
vt -0.000000 0.333333
vt 0.076923 0.388889
vt -0.000000 0.388889
vt 0.076923 0.444444
vt -0.000000 0.444444
vt 0.153846 0.500000
vt 0.153846 0.555556
vt 0.153846 0.611111
vt 0.153846 0.666667
vt 0.153846 0.722222
vt 0.153846 0.777778
vt 0.153846 0.833333
vt 0.153846 0.888889
vt 0.153846 0.944444
vt 0.153846 1.000000
vt 0.153846 0.000000
vt 0.153846 0.055556
vt 0.153846 0.111111
vt 0.153846 0.166667
vt 0.153846 0.222222
vt 0.153846 0.277778
vt 0.153846 0.333333
vt 0.153846 0.388889
vt 0.153846 0.444444
vt 0.230769 0.500000
vt 0.230769 0.555556
vt 0.230769 0.611111
vt 0.230769 0.666667
vt 0.230769 0.722222
vt 0.230769 0.777778
vt 0.230769 0.833333
vt 0.230769 0.888889
vt 0.230769 0.944444
vt 0.230769 1.000000
vt 0.230769 0.000000
vt 0.230769 0.055556
vt 0.230769 0.111111
vt 0.230769 0.166667
vt 0.230769 0.222222
vt 0.230769 0.277778
vt 0.230769 0.333333
vt 0.230769 0.388889
vt 0.230769 0.444444
vt 0.307692 0.500000
vt 0.307692 0.555556
vt 0.307692 0.611111
vt 0.307692 0.666667
vt 0.307692 0.722222
vt 0.307692 0.777778
vt 0.307692 0.833333
vt 0.307692 0.888889
vt 0.307692 0.944444
vt 0.307692 1.000000
vt 0.307692 0.000000
vt 0.307692 0.055556
vt 0.307692 0.111111
vt 0.307692 0.166667
vt 0.307692 0.222222
vt 0.307692 0.277778
vt 0.307692 0.333333
vt 0.307692 0.388889
vt 0.307692 0.444444
vt 0.384615 0.500000
vt 0.384615 0.555556
vt 0.384615 0.611111
vt 0.384615 0.666667
vt 0.384615 0.722222
vt 0.384615 0.777778
vt 0.384615 0.833333
vt 0.384615 0.888889
vt 0.384615 0.944444
vt 0.384615 1.000000
vt 0.384615 0.000000
vt 0.384615 0.055556
vt 0.384615 0.111111
vt 0.384615 0.166667
vt 0.384615 0.222222
vt 0.384615 0.277778
vt 0.384615 0.333333
vt 0.384615 0.388889
vt 0.384615 0.444444
vt 0.461538 0.500000
vt 0.461538 0.555556
vt 0.461538 0.611111
vt 0.461538 0.666667
vt 0.461538 0.722222
vt 0.461538 0.777778
vt 0.461538 0.833333
vt 0.461538 0.888889
vt 0.461538 0.944444
vt 0.461538 1.000000
vt 0.461538 0.000000
vt 0.461538 0.055556
vt 0.461538 0.111111
vt 0.461538 0.166667
vt 0.461538 0.222222
vt 0.461538 0.277778
vt 0.461538 0.333333
vt 0.461538 0.388889
vt 0.461538 0.444444
s 0
f 255/309/223 273/310/223 274/311/223 256/312/223
f 256/312/224 274/311/224 275/313/224 257/314/224
f 257/314/225 275/313/225 276/315/225 258/316/225
f 258/316/226 276/315/226 277/317/226 259/318/226
f 259/318/227 277/317/227 278/319/227 260/320/227
f 260/320/228 278/319/228 279/321/228 261/322/228
f 261/322/229 279/321/229 280/323/229 262/324/229
f 262/324/230 280/323/230 281/325/230 263/326/230
f 263/326/231 281/325/231 282/327/231 264/328/231
f 264/329/232 282/330/232 283/331/232 265/332/232
f 265/332/233 283/331/233 284/333/233 266/334/233
f 266/334/234 284/333/234 285/335/234 267/336/234
f 267/336/235 285/335/235 286/337/235 268/338/235
f 268/338/236 286/337/236 287/339/236 269/340/236
f 269/340/237 287/339/237 288/341/237 270/342/237
f 270/342/238 288/341/238 289/343/238 271/344/238
f 271/344/239 289/343/239 290/345/239 272/346/239
f 272/346/240 290/345/240 273/310/240 255/309/240
f 273/310/241 291/347/241 292/348/241 274/311/241
f 274/311/242 292/348/242 293/349/242 275/313/242
f 275/313/243 293/349/243 294/350/243 276/315/243
f 276/315/244 294/350/244 295/351/244 277/317/244
f 277/317/227 295/351/227 296/352/227 278/319/227
f 278/319/245 296/352/245 297/353/245 279/321/245
f 279/321/246 297/353/246 298/354/246 280/323/246
f 280/323/247 298/354/247 299/355/247 281/325/247
f 281/325/248 299/355/248 300/356/248 282/327/248
f 282/330/249 300/357/249 301/358/249 283/331/249
f 283/331/250 301/358/250 302/359/250 284/333/250
f 284/333/251 302/359/251 303/360/251 285/335/251
f 285/335/252 303/360/252 304/361/252 286/337/252
f 286/337/236 304/361/236 305/362/236 287/339/236
f 287/339/253 305/362/253 306/363/253 288/341/253
f 288/341/254 306/363/254 307/364/254 289/343/254
f 289/343/255 307/364/255 308/365/255 290/345/255
f 290/345/256 308/365/256 291/347/256 273/310/256
f 291/347/257 309/366/257 310/367/257 292/348/257
f 292/348/258 310/367/258 311/368/258 293/349/258
f 293/349/259 311/368/259 312/369/259 294/350/259
f 294/350/260 312/369/260 313/370/260 295/351/260
f 295/351/227 313/370/227 314/371/227 296/352/227
f 296/352/261 314/371/261 315/372/261 297/353/261
f 297/353/262 315/372/262 316/373/262 298/354/262
f 298/354/263 316/373/263 317/374/263 299/355/263
f 299/355/264 317/374/264 318/375/264 300/356/264
f 300/357/265 318/376/265 319/377/265 301/358/265
f 301/358/266 319/377/266 320/378/266 302/359/266
f 302/359/267 320/378/267 321/379/267 303/360/267
f 303/360/268 321/379/268 322/380/268 304/361/268
f 304/361/236 322/380/236 323/381/236 305/362/236
f 305/362/269 323/381/269 324/382/269 306/363/269
f 306/363/270 324/382/270 325/383/270 307/364/270
f 307/364/271 325/383/271 326/384/271 308/365/271
f 308/365/272 326/384/272 309/366/272 291/347/272
f 309/366/273 327/385/273 328/386/273 310/367/273
f 310/367/274 328/386/274 329/387/274 311/368/274
f 311/368/275 329/387/275 330/388/275 312/369/275
f 312/369/276 330/388/276 331/389/276 313/370/276
f 313/370/227 331/389/227 332/390/227 314/371/227
f 314/371/277 332/390/277 333/391/277 315/372/277
f 315/372/278 333/391/278 334/392/278 316/373/278
f 316/373/279 334/392/279 335/393/279 317/374/279
f 317/374/280 335/393/280 336/394/280 318/375/280
f 318/376/281 336/395/281 337/396/281 319/377/281
f 319/377/282 337/396/282 338/397/282 320/378/282
f 320/378/283 338/397/283 339/398/283 321/379/283
f 321/379/284 339/398/284 340/399/284 322/380/284
f 322/380/236 340/399/236 341/400/236 323/381/236
f 323/381/285 341/400/285 342/401/285 324/382/285
f 324/382/286 342/401/286 343/402/286 325/383/286
f 325/383/287 343/402/287 344/403/287 326/384/287
f 326/384/288 344/403/288 327/385/288 309/366/288
f 327/385/289 345/404/289 346/405/289 328/386/289
f 328/386/290 346/405/290 347/406/290 329/387/290
f 329/387/291 347/406/291 348/407/291 330/388/291
f 330/388/292 348/407/292 349/408/292 331/389/292
f 331/389/227 349/408/227 350/409/227 332/390/227
f 332/390/293 350/409/293 351/410/293 333/391/293
f 333/391/294 351/410/294 352/411/294 334/392/294
f 334/392/295 352/411/295 353/412/295 335/393/295
f 335/393/296 353/412/296 354/413/296 336/394/296
f 336/395/297 354/414/297 355/415/297 337/396/297
f 337/396/298 355/415/298 356/416/298 338/397/298
f 338/397/299 356/416/299 357/417/299 339/398/299
f 339/398/300 357/417/300 358/418/300 340/399/300
f 340/399/236 358/418/236 359/419/236 341/400/236
f 341/400/301 359/419/301 360/420/301 342/401/301
f 342/401/302 360/420/302 361/421/302 343/402/302
f 343/402/303 361/421/303 362/422/303 344/403/303
f 344/403/304 362/422/304 345/404/304 327/385/304
f 345/404/305 363/423/305 364/424/305 346/405/305
f 346/405/306 364/424/306 365/425/306 347/406/306
f 347/406/307 365/425/307 366/426/307 348/407/307
f 348/407/308 366/426/308 367/427/308 349/408/308
f 349/408/227 367/427/227 368/428/227 350/409/227
f 350/409/309 368/428/309 369/429/309 351/410/309
f 351/410/310 369/429/310 370/430/310 352/411/310
f 352/411/311 370/430/311 371/431/311 353/412/311
f 353/412/312 371/431/312 372/432/312 354/413/312
f 354/414/313 372/433/313 373/434/313 355/415/313
f 355/415/314 373/434/314 374/435/314 356/416/314
f 356/416/315 374/435/315 375/436/315 357/417/315
f 357/417/316 375/436/316 376/437/316 358/418/316
f 358/418/236 376/437/236 377/438/236 359/419/236
f 359/419/317 377/438/317 378/439/317 360/420/317
f 360/420/318 378/439/318 379/440/318 361/421/318
f 361/421/319 379/440/319 380/441/319 362/422/319
f 362/422/320 380/441/320 363/423/320 345/404/320
f 363/442/321 381/443/321 382/444/321 364/445/321
f 364/445/322 382/444/322 383/446/322 365/447/322
f 365/447/323 383/446/323 384/448/323 366/449/323
f 366/449/324 384/448/324 385/450/324 367/451/324
f 367/451/227 385/450/227 386/452/227 368/453/227
f 368/453/325 386/452/325 387/454/325 369/455/325
f 369/455/326 387/454/326 388/456/326 370/457/326
f 370/457/327 388/456/327 389/458/327 371/459/327
f 371/459/328 389/458/328 390/460/328 372/461/328
f 372/462/329 390/463/329 391/464/329 373/465/329
f 373/465/330 391/464/330 392/466/330 374/467/330
f 374/467/331 392/466/331 393/468/331 375/469/331
f 375/469/332 393/468/332 394/470/332 376/471/332
f 376/471/236 394/470/236 395/472/236 377/473/236
f 377/473/333 395/472/333 396/474/333 378/475/333
f 378/475/334 396/474/334 397/476/334 379/477/334
f 379/477/335 397/476/335 398/478/335 380/479/335
f 380/479/336 398/478/336 381/443/336 363/442/336
f 381/443/337 399/480/337 400/481/337 382/444/337
f 382/444/338 400/481/338 401/482/338 383/446/338
f 383/446/339 401/482/339 402/483/339 384/448/339
f 384/448/340 402/483/340 403/484/340 385/450/340
f 385/450/227 403/484/227 404/485/227 386/452/227
f 386/452/341 404/485/341 405/486/341 387/454/341
f 387/454/342 405/486/342 406/487/342 388/456/342
f 388/456/343 406/487/343 407/488/343 389/458/343
f 389/458/344 407/488/344 408/489/344 390/460/344
f 390/463/345 408/490/345 409/491/345 391/464/345
f 391/464/346 409/491/346 410/492/346 392/466/346
f 392/466/347 410/492/347 411/493/347 393/468/347
f 393/468/348 411/493/348 412/494/348 394/470/348
f 394/470/236 412/494/236 413/495/236 395/472/236
f 395/472/349 413/495/349 414/496/349 396/474/349
f 396/474/350 414/496/350 415/497/350 397/476/350
f 397/476/351 415/497/351 416/498/351 398/478/351
f 398/478/352 416/498/352 399/480/352 381/443/352
f 399/480/353 417/499/353 418/500/353 400/481/353
f 400/481/354 418/500/354 419/501/354 401/482/354
f 401/482/355 419/501/355 420/502/355 402/483/355
f 402/483/356 420/502/356 421/503/356 403/484/356
f 403/484/227 421/503/227 422/504/227 404/485/227
f 404/485/357 422/504/357 423/505/357 405/486/357
f 405/486/358 423/505/358 424/506/358 406/487/358
f 406/487/359 424/506/359 425/507/359 407/488/359
f 407/488/360 425/507/360 426/508/360 408/489/360
f 408/490/361 426/509/361 427/510/361 409/491/361
f 409/491/362 427/510/362 428/511/362 410/492/362
f 410/492/363 428/511/363 429/512/363 411/493/363
f 411/493/364 429/512/364 430/513/364 412/494/364
f 412/494/236 430/513/236 431/514/236 413/495/236
f 413/495/365 431/514/365 432/515/365 414/496/365
f 414/496/366 432/515/366 433/516/366 415/497/366
f 415/497/367 433/516/367 434/517/367 416/498/367
f 416/498/368 434/517/368 417/499/368 399/480/368
f 417/499/369 435/518/369 436/519/369 418/500/369
f 418/500/370 436/519/370 437/520/370 419/501/370
f 419/501/371 437/520/371 438/521/371 420/502/371
f 420/502/372 438/521/372 439/522/372 421/503/372
f 421/503/227 439/522/227 440/523/227 422/504/227
f 422/504/373 440/523/373 441/524/373 423/505/373
f 423/505/374 441/524/374 442/525/374 424/506/374
f 424/506/375 442/525/375 443/526/375 425/507/375
f 425/507/376 443/526/376 444/527/376 426/508/376
f 426/509/377 444/528/377 445/529/377 427/510/377
f 427/510/378 445/529/378 446/530/378 428/511/378
f 428/511/379 446/530/379 447/531/379 429/512/379
f 429/512/380 447/531/380 448/532/380 430/513/380
f 430/513/236 448/532/236 449/533/236 431/514/236
f 431/514/381 449/533/381 450/534/381 432/515/381
f 432/515/382 450/534/382 451/535/382 433/516/382
f 433/516/383 451/535/383 452/536/383 434/517/383
f 434/517/384 452/536/384 435/518/384 417/499/384
f 435/518/385 453/537/385 454/538/385 436/519/385
f 436/519/386 454/538/386 455/539/386 437/520/386
f 437/520/387 455/539/387 456/540/387 438/521/387
f 438/521/388 456/540/388 457/541/388 439/522/388
f 439/522/227 457/541/227 458/542/227 440/523/227
f 440/523/389 458/542/389 459/543/389 441/524/389
f 441/524/390 459/543/390 460/544/390 442/525/390
f 442/525/391 460/544/391 461/545/391 443/526/391
f 443/526/392 461/545/392 462/546/392 444/527/392
f 444/528/393 462/547/393 463/548/393 445/529/393
f 445/529/394 463/548/394 464/549/394 446/530/394
f 446/530/395 464/549/395 465/550/395 447/531/395
f 447/531/396 465/550/396 466/551/396 448/532/396
f 448/532/236 466/551/236 467/552/236 449/533/236
f 449/533/397 467/552/397 468/553/397 450/534/397
f 450/534/398 468/553/398 469/554/398 451/535/398
f 451/535/399 469/554/399 470/555/399 452/536/399
f 452/536/400 470/555/400 453/537/400 435/518/400
f 453/537/401 471/556/401 472/557/401 454/538/401
f 454/538/402 472/557/402 473/558/402 455/539/402
f 455/539/403 473/558/403 474/559/403 456/540/403
f 456/540/404 474/559/404 475/560/404 457/541/404
f 457/541/227 475/560/227 476/561/227 458/542/227
f 458/542/405 476/561/405 477/562/405 459/543/405
f 459/543/406 477/562/406 478/563/406 460/544/406
f 460/544/407 478/563/407 479/564/407 461/545/407
f 461/545/408 479/564/408 480/565/408 462/546/408
f 462/547/409 480/566/409 481/567/409 463/548/409
f 463/548/410 481/567/410 482/568/410 464/549/410
f 464/549/411 482/568/411 483/569/411 465/550/411
f 465/550/412 483/569/412 484/570/412 466/551/412
f 466/551/236 484/570/236 485/571/236 467/552/236
f 467/552/413 485/571/413 486/572/413 468/553/413
f 468/553/414 486/572/414 487/573/414 469/554/414
f 469/554/415 487/573/415 488/574/415 470/555/415
f 470/555/416 488/574/416 471/556/416 453/537/416
f 471/556/417 255/309/417 256/312/417 472/557/417
f 472/557/418 256/312/418 257/314/418 473/558/418
f 473/558/419 257/314/419 258/316/419 474/559/419
f 474/559/420 258/316/420 259/318/420 475/560/420
f 475/560/227 259/318/227 260/320/227 476/561/227
f 476/561/421 260/320/421 261/322/421 477/562/421
f 477/562/422 261/322/422 262/324/422 478/563/422
f 478/563/423 262/324/423 263/326/423 479/564/423
f 479/564/424 263/326/424 264/328/424 480/565/424
f 480/566/425 264/329/425 265/332/425 481/567/425
f 481/567/426 265/332/426 266/334/426 482/568/426
f 482/568/427 266/334/427 267/336/427 483/569/427
f 483/569/428 267/336/428 268/338/428 484/570/428
f 484/570/236 268/338/236 269/340/236 485/571/236
f 485/571/429 269/340/429 270/342/429 486/572/429
f 486/572/430 270/342/430 271/344/430 487/573/430
f 487/573/431 271/344/431 272/346/431 488/574/431
f 488/574/432 272/346/432 255/309/432 471/556/432
o Torus.003
v 0.250000 0.000000 -1.193095
v 0.245175 0.000000 -1.165734
v 0.231284 0.000000 -1.141672
v 0.210000 0.000000 -1.123813
v 0.183892 0.000000 -1.114311
v 0.156108 0.000000 -1.114311
v 0.130000 0.000000 -1.123813
v 0.108716 0.000000 -1.141672
v 0.094825 0.000000 -1.165734
v 0.090000 0.000000 -1.193095
v 0.094825 -0.000000 -1.220457
v 0.108716 -0.000000 -1.244519
v 0.130000 -0.000000 -1.262378
v 0.156108 -0.000000 -1.271880
v 0.183892 -0.000000 -1.271880
v 0.210000 -0.000000 -1.262378
v 0.231284 -0.000000 -1.244519
v 0.245175 -0.000000 -1.220457
v 0.221364 0.116181 -1.193095
v 0.217092 0.113939 -1.165734
v 0.204791 0.107483 -1.141672
v 0.185946 0.097592 -1.123813
v 0.162828 0.085459 -1.114311
v 0.138227 0.072547 -1.114311
v 0.115109 0.060414 -1.123813
v 0.096264 0.050523 -1.141672
v 0.083963 0.044067 -1.165734
v 0.079691 0.041825 -1.193095
v 0.083963 0.044067 -1.220457
v 0.096264 0.050523 -1.244519
v 0.115109 0.060414 -1.262378
v 0.138227 0.072547 -1.271880
v 0.162828 0.085459 -1.271880
v 0.185946 0.097592 -1.262378
v 0.204791 0.107483 -1.244519
v 0.217092 0.113939 -1.220457
v 0.142016 0.205746 -1.193095
v 0.139275 0.201775 -1.165734
v 0.131384 0.190343 -1.141672
v 0.119294 0.172827 -1.123813
v 0.104462 0.151340 -1.114311
v 0.088680 0.128474 -1.114311
v 0.073848 0.106988 -1.123813
v 0.061758 0.089472 -1.141672
v 0.053866 0.078039 -1.165734
v 0.051126 0.074069 -1.193095
v 0.053866 0.078039 -1.220457
v 0.061758 0.089472 -1.244519
v 0.073848 0.106988 -1.262378
v 0.088680 0.128474 -1.271880
v 0.104462 0.151340 -1.271880
v 0.119294 0.172827 -1.262378
v 0.131384 0.190343 -1.244519
v 0.139275 0.201775 -1.220457
v 0.030134 0.248177 -1.193095
v 0.029553 0.243388 -1.165734
v 0.027878 0.229597 -1.141672
v 0.025313 0.208469 -1.123813
v 0.022166 0.182551 -1.114311
v 0.018817 0.154970 -1.114311
v 0.015670 0.129052 -1.123813
v 0.013104 0.107924 -1.141672
v 0.011430 0.094133 -1.165734
v 0.010848 0.089344 -1.193095
v 0.011430 0.094133 -1.220457
v 0.013104 0.107924 -1.244519
v 0.015670 0.129052 -1.262378
v 0.018817 0.154970 -1.271880
v 0.022166 0.182551 -1.271880
v 0.025313 0.208469 -1.262378
v 0.027878 0.229597 -1.244519
v 0.029553 0.243388 -1.220457
v -0.088651 0.233754 -1.193095
v -0.086940 0.229243 -1.165734
v -0.082014 0.216254 -1.141672
v -0.074467 0.196353 -1.123813
v -0.065209 0.171942 -1.114311
v -0.055357 0.145964 -1.114311
v -0.046099 0.121552 -1.123813
v -0.038551 0.101652 -1.141672
v -0.033625 0.088663 -1.165734
v -0.031914 0.084151 -1.193095
v -0.033625 0.088663 -1.220457
v -0.038551 0.101652 -1.244519
v -0.046099 0.121552 -1.262378
v -0.055357 0.145964 -1.271880
v -0.065209 0.171942 -1.271880
v -0.074467 0.196353 -1.262378
v -0.082014 0.216254 -1.244519
v -0.086940 0.229243 -1.220457
v -0.187128 0.165781 -1.193095
v -0.183516 0.162581 -1.165734
v -0.173118 0.153369 -1.141672
v -0.157187 0.139256 -1.123813
v -0.137645 0.121943 -1.114311
v -0.116849 0.103519 -1.114311
v -0.097306 0.086206 -1.123813
v -0.081375 0.072092 -1.141672
v -0.070977 0.062880 -1.165734
v -0.067366 0.059681 -1.193095
v -0.070977 0.062880 -1.220457
v -0.081375 0.072092 -1.244519
v -0.097306 0.086206 -1.262378
v -0.116849 0.103519 -1.271880
v -0.137645 0.121943 -1.271880
v -0.157187 0.139256 -1.262378
v -0.173118 0.153369 -1.244519
v -0.183516 0.162581 -1.220457
v -0.242735 0.059829 -1.193095
v -0.238051 0.058674 -1.165734
v -0.224563 0.055350 -1.141672
v -0.203898 0.050256 -1.123813
v -0.178548 0.044008 -1.114311
v -0.151572 0.037359 -1.114311
v -0.126222 0.031111 -1.123813
v -0.105557 0.026018 -1.141672
v -0.092069 0.022693 -1.165734
v -0.087385 0.021538 -1.193095
v -0.092069 0.022693 -1.220457
v -0.105557 0.026018 -1.244519
v -0.126222 0.031111 -1.262378
v -0.151572 0.037359 -1.271880
v -0.178548 0.044008 -1.271880
v -0.203898 0.050256 -1.262378
v -0.224563 0.055350 -1.244519
v -0.238051 0.058674 -1.220457
v -0.242735 -0.059829 -1.193095
v -0.238051 -0.058674 -1.165734
v -0.224563 -0.055350 -1.141672
v -0.203898 -0.050256 -1.123813
v -0.178548 -0.044008 -1.114311
v -0.151572 -0.037359 -1.114311
v -0.126222 -0.031111 -1.123813
v -0.105557 -0.026017 -1.141672
v -0.092069 -0.022693 -1.165734
v -0.087385 -0.021538 -1.193095
v -0.092069 -0.022693 -1.220457
v -0.105557 -0.026017 -1.244519
v -0.126222 -0.031111 -1.262378
v -0.151572 -0.037359 -1.271880
v -0.178548 -0.044008 -1.271880
v -0.203898 -0.050256 -1.262378
v -0.224563 -0.055350 -1.244519
v -0.238051 -0.058674 -1.220457
v -0.187128 -0.165781 -1.193095
v -0.183516 -0.162581 -1.165734
v -0.173118 -0.153369 -1.141672
v -0.157187 -0.139256 -1.123813
v -0.137645 -0.121943 -1.114311
v -0.116849 -0.103519 -1.114311
v -0.097306 -0.086206 -1.123813
v -0.081375 -0.072092 -1.141672
v -0.070977 -0.062880 -1.165734
v -0.067366 -0.059681 -1.193095
v -0.070977 -0.062880 -1.220457
v -0.081375 -0.072092 -1.244519
v -0.097306 -0.086206 -1.262378
v -0.116849 -0.103519 -1.271880
v -0.137645 -0.121943 -1.271880
v -0.157187 -0.139256 -1.262378
v -0.173118 -0.153369 -1.244518
v -0.183516 -0.162581 -1.220457
v -0.088651 -0.233754 -1.193095
v -0.086940 -0.229243 -1.165734
v -0.082014 -0.216254 -1.141672
v -0.074467 -0.196353 -1.123813
v -0.065209 -0.171942 -1.114311
v -0.055357 -0.145964 -1.114311
v -0.046099 -0.121552 -1.123813
v -0.038551 -0.101652 -1.141672
v -0.033625 -0.088663 -1.165734
v -0.031914 -0.084151 -1.193095
v -0.033625 -0.088663 -1.220457
v -0.038551 -0.101652 -1.244518
v -0.046099 -0.121552 -1.262378
v -0.055357 -0.145964 -1.271880
v -0.065209 -0.171942 -1.271880
v -0.074467 -0.196353 -1.262378
v -0.082014 -0.216254 -1.244518
v -0.086940 -0.229243 -1.220457
v 0.030134 -0.248177 -1.193095
v 0.029553 -0.243388 -1.165734
v 0.027878 -0.229597 -1.141672
v 0.025313 -0.208469 -1.123813
v 0.022166 -0.182551 -1.114311
v 0.018817 -0.154970 -1.114311
v 0.015670 -0.129052 -1.123813
v 0.013104 -0.107924 -1.141672
v 0.011430 -0.094133 -1.165734
v 0.010848 -0.089344 -1.193095
v 0.011430 -0.094133 -1.220457
v 0.013104 -0.107924 -1.244518
v 0.015670 -0.129052 -1.262378
v 0.018817 -0.154970 -1.271880
v 0.022166 -0.182551 -1.271880
v 0.025313 -0.208469 -1.262378
v 0.027878 -0.229597 -1.244518
v 0.029553 -0.243388 -1.220457
v 0.142016 -0.205746 -1.193095
v 0.139275 -0.201775 -1.165734
v 0.131384 -0.190343 -1.141672
v 0.119293 -0.172827 -1.123813
v 0.104462 -0.151340 -1.114311
v 0.088679 -0.128475 -1.114311
v 0.073848 -0.106988 -1.123813
v 0.061758 -0.089472 -1.141672
v 0.053866 -0.078039 -1.165734
v 0.051126 -0.074069 -1.193095
v 0.053866 -0.078039 -1.220457
v 0.061758 -0.089472 -1.244518
v 0.073848 -0.106988 -1.262378
v 0.088679 -0.128475 -1.271880
v 0.104462 -0.151340 -1.271880
v 0.119293 -0.172827 -1.262378
v 0.131384 -0.190343 -1.244518
v 0.139275 -0.201775 -1.220457
v 0.221364 -0.116181 -1.193095
v 0.217092 -0.113939 -1.165734
v 0.204791 -0.107483 -1.141672
v 0.185946 -0.097592 -1.123813
v 0.162828 -0.085459 -1.114311
v 0.138227 -0.072547 -1.114311
v 0.115109 -0.060414 -1.123813
v 0.096264 -0.050523 -1.141672
v 0.083963 -0.044067 -1.165734
v 0.079691 -0.041825 -1.193095
v 0.083963 -0.044067 -1.220457
v 0.096264 -0.050523 -1.244519
v 0.115109 -0.060414 -1.262378
v 0.138227 -0.072547 -1.271880
v 0.162828 -0.085459 -1.271880
v 0.185946 -0.097592 -1.262378
v 0.204791 -0.107483 -1.244518
v 0.217092 -0.113939 -1.220457
vn 0.9570 0.2359 0.1687
vn 0.8469 0.2088 0.4890
vn 0.6349 0.1565 0.7566
vn 0.3408 0.0840 0.9364
vn -0.0000 -0.0000 1.0000
vn -0.3408 -0.0840 0.9364
vn -0.6349 -0.1565 0.7566
vn -0.8469 -0.2088 0.4890
vn -0.9570 -0.2359 0.1687
vn -0.9570 -0.2359 -0.1687
vn -0.8469 -0.2088 -0.4890
vn -0.6349 -0.1565 -0.7566
vn -0.3408 -0.0840 -0.9364
vn -0.0000 -0.0000 -1.0000
vn 0.3408 0.0840 -0.9364
vn 0.6349 0.1565 -0.7566
vn 0.8469 0.2088 -0.4890
vn 0.9570 0.2359 -0.1687
vn 0.7378 0.6536 0.1687
vn 0.6529 0.5784 0.4890
vn 0.4894 0.4336 0.7566
vn 0.2627 0.2328 0.9364
vn -0.2627 -0.2328 0.9364
vn -0.4894 -0.4336 0.7566
vn -0.6529 -0.5784 0.4890
vn -0.7378 -0.6536 0.1687
vn -0.7378 -0.6536 -0.1687
vn -0.6529 -0.5784 -0.4890
vn -0.4894 -0.4336 -0.7566
vn -0.2627 -0.2328 -0.9364
vn 0.2627 0.2328 -0.9364
vn 0.4894 0.4336 -0.7566
vn 0.6529 0.5784 -0.4890
vn 0.7378 0.6536 -0.1687
vn 0.3495 0.9216 0.1687
vn 0.3093 0.8156 0.4890
vn 0.2319 0.6114 0.7566
vn 0.1245 0.3282 0.9364
vn -0.1245 -0.3282 0.9364
vn -0.2319 -0.6114 0.7566
vn -0.3093 -0.8156 0.4890
vn -0.3495 -0.9216 0.1687
vn -0.3495 -0.9216 -0.1687
vn -0.3093 -0.8156 -0.4890
vn -0.2319 -0.6114 -0.7566
vn -0.1245 -0.3282 -0.9364
vn 0.1245 0.3282 -0.9364
vn 0.2319 0.6114 -0.7566
vn 0.3093 0.8156 -0.4890
vn 0.3495 0.9216 -0.1687
vn -0.1188 0.9785 0.1687
vn -0.1051 0.8659 0.4890
vn -0.0788 0.6491 0.7566
vn -0.0423 0.3484 0.9364
vn 0.0423 -0.3485 0.9364
vn 0.0788 -0.6491 0.7566
vn 0.1051 -0.8659 0.4890
vn 0.1188 -0.9785 0.1687
vn 0.1188 -0.9785 -0.1687
vn 0.1051 -0.8659 -0.4890
vn 0.0788 -0.6491 -0.7566
vn 0.0423 -0.3485 -0.9364
vn -0.0423 0.3485 -0.9364
vn -0.0788 0.6491 -0.7566
vn -0.1051 0.8659 -0.4890
vn -0.1188 0.9785 -0.1687
vn -0.5599 0.8112 0.1687
vn -0.4955 0.7179 0.4890
vn -0.3714 0.5381 0.7566
vn -0.1994 0.2889 0.9364
vn 0.1994 -0.2889 0.9364
vn 0.3714 -0.5381 0.7566
vn 0.4955 -0.7179 0.4890
vn 0.5599 -0.8112 0.1687
vn 0.5599 -0.8112 -0.1687
vn 0.4955 -0.7179 -0.4890
vn 0.3714 -0.5381 -0.7566
vn 0.1994 -0.2889 -0.9364
vn -0.1994 0.2889 -0.9364
vn -0.3714 0.5381 -0.7566
vn -0.4955 0.7179 -0.4890
vn -0.5599 0.8112 -0.1687
vn -0.8728 0.4581 0.1687
vn -0.7724 0.4054 0.4890
vn -0.5790 0.3039 0.7566
vn -0.3108 0.1631 0.9364
vn 0.3108 -0.1631 0.9364
vn 0.5790 -0.3039 0.7566
vn 0.7724 -0.4054 0.4890
vn 0.8728 -0.4581 0.1687
vn 0.8728 -0.4581 -0.1687
vn 0.7724 -0.4054 -0.4890
vn 0.5790 -0.3039 -0.7566
vn 0.3108 -0.1631 -0.9364
vn -0.3108 0.1631 -0.9364
vn -0.5790 0.3039 -0.7566
vn -0.7724 0.4054 -0.4890
vn -0.8728 0.4581 -0.1687
vn -0.9857 -0.0000 0.1687
vn -0.8723 -0.0000 0.4890
vn -0.6539 -0.0000 0.7566
vn -0.3510 -0.0000 0.9364
vn 0.3510 -0.0000 0.9364
vn 0.6539 -0.0000 0.7566
vn 0.8723 -0.0000 0.4890
vn 0.9857 -0.0000 0.1687
vn 0.9857 -0.0000 -0.1687
vn 0.8723 -0.0000 -0.4890
vn 0.6539 -0.0000 -0.7566
vn 0.3510 -0.0000 -0.9364
vn -0.3510 -0.0000 -0.9364
vn -0.6539 -0.0000 -0.7566
vn -0.8723 -0.0000 -0.4890
vn -0.9857 -0.0000 -0.1687
vn -0.8728 -0.4581 0.1687
vn -0.7724 -0.4054 0.4890
vn -0.5790 -0.3039 0.7566
vn -0.3108 -0.1631 0.9364
vn 0.3108 0.1631 0.9364
vn 0.5790 0.3039 0.7566
vn 0.7724 0.4054 0.4890
vn 0.8728 0.4581 0.1687
vn 0.8728 0.4581 -0.1687
vn 0.7724 0.4054 -0.4890
vn 0.5790 0.3039 -0.7566
vn 0.3108 0.1631 -0.9364
vn -0.3108 -0.1631 -0.9364
vn -0.5790 -0.3039 -0.7566
vn -0.7724 -0.4054 -0.4890
vn -0.8728 -0.4581 -0.1687
vn -0.5599 -0.8112 0.1687
vn -0.4955 -0.7179 0.4890
vn -0.3714 -0.5381 0.7566
vn -0.1994 -0.2889 0.9364
vn 0.1994 0.2889 0.9364
vn 0.3714 0.5381 0.7566
vn 0.4955 0.7179 0.4890
vn 0.5599 0.8112 0.1687
vn 0.5599 0.8112 -0.1687
vn 0.4955 0.7179 -0.4890
vn 0.3714 0.5381 -0.7566
vn 0.1994 0.2889 -0.9364
vn -0.1994 -0.2889 -0.9364
vn -0.3714 -0.5381 -0.7566
vn -0.4955 -0.7179 -0.4890
vn -0.5599 -0.8112 -0.1687
vn -0.1188 -0.9785 0.1687
vn -0.1051 -0.8659 0.4890
vn -0.0788 -0.6491 0.7566
vn -0.0423 -0.3485 0.9364
vn 0.0423 0.3485 0.9364
vn 0.0788 0.6491 0.7566
vn 0.1051 0.8659 0.4890
vn 0.1188 0.9785 0.1687
vn 0.1188 0.9785 -0.1687
vn 0.1051 0.8659 -0.4890
vn 0.0788 0.6491 -0.7566
vn 0.0423 0.3484 -0.9364
vn -0.0423 -0.3485 -0.9364
vn -0.0788 -0.6491 -0.7566
vn -0.1051 -0.8659 -0.4890
vn -0.1188 -0.9785 -0.1687
vn 0.3495 -0.9216 0.1687
vn 0.3093 -0.8156 0.4890
vn 0.2319 -0.6114 0.7566
vn 0.1245 -0.3282 0.9364
vn -0.1245 0.3282 0.9364
vn -0.2319 0.6114 0.7566
vn -0.3093 0.8156 0.4890
vn -0.3495 0.9216 0.1687
vn -0.3495 0.9216 -0.1687
vn -0.3093 0.8156 -0.4890
vn -0.2319 0.6114 -0.7566
vn -0.1245 0.3282 -0.9364
vn 0.1245 -0.3282 -0.9364
vn 0.2319 -0.6114 -0.7566
vn 0.3093 -0.8156 -0.4890
vn 0.3495 -0.9216 -0.1687
vn 0.7378 -0.6536 0.1687
vn 0.6529 -0.5784 0.4890
vn 0.4894 -0.4336 0.7566
vn 0.2627 -0.2328 0.9364
vn -0.2627 0.2328 0.9364
vn -0.4894 0.4336 0.7566
vn -0.6529 0.5784 0.4890
vn -0.7378 0.6536 0.1687
vn -0.7378 0.6536 -0.1687
vn -0.6529 0.5784 -0.4890
vn -0.4894 0.4336 -0.7566
vn -0.2627 0.2328 -0.9364
vn 0.2627 -0.2328 -0.9364
vn 0.4894 -0.4336 -0.7566
vn 0.6529 -0.5784 -0.4890
vn 0.7378 -0.6536 -0.1687
vn 0.9570 -0.2359 0.1687
vn 0.8469 -0.2088 0.4890
vn 0.6349 -0.1565 0.7566
vn 0.3408 -0.0840 0.9364
vn -0.3408 0.0840 0.9364
vn -0.6349 0.1565 0.7566
vn -0.8469 0.2088 0.4890
vn -0.9570 0.2359 0.1687
vn -0.9570 0.2359 -0.1687
vn -0.8469 0.2088 -0.4890
vn -0.6349 0.1565 -0.7566
vn -0.3408 0.0840 -0.9364
vn 0.3408 -0.0840 -0.9364
vn 0.6349 -0.1565 -0.7566
vn 0.8469 -0.2088 -0.4890
vn 0.9570 -0.2359 -0.1687
vt 0.538462 0.500000
vt 0.615385 0.500000
vt 0.615385 0.555556
vt 0.538462 0.555556
vt 0.615385 0.611111
vt 0.538462 0.611111
vt 0.615385 0.666667
vt 0.538462 0.666667
vt 0.615385 0.722222
vt 0.538462 0.722222
vt 0.615385 0.777778
vt 0.538462 0.777778
vt 0.615385 0.833333
vt 0.538462 0.833333
vt 0.615385 0.888889
vt 0.538462 0.888889
vt 0.615385 0.944444
vt 0.538462 0.944444
vt 0.615385 1.000000
vt 0.538462 1.000000
vt 0.538462 0.000000
vt 0.615385 0.000000
vt 0.615385 0.055556
vt 0.538462 0.055556
vt 0.615385 0.111111
vt 0.538462 0.111111
vt 0.615385 0.166667
vt 0.538462 0.166667
vt 0.615385 0.222222
vt 0.538462 0.222222
vt 0.615385 0.277778
vt 0.538462 0.277778
vt 0.615385 0.333333
vt 0.538462 0.333333
vt 0.615385 0.388889
vt 0.538462 0.388889
vt 0.615385 0.444444
vt 0.538462 0.444444
vt 0.692308 0.500000
vt 0.692308 0.555556
vt 0.692308 0.611111
vt 0.692308 0.666667
vt 0.692308 0.722222
vt 0.692308 0.777778
vt 0.692308 0.833333
vt 0.692308 0.888889
vt 0.692308 0.944444
vt 0.692308 1.000000
vt 0.692308 0.000000
vt 0.692308 0.055556
vt 0.692308 0.111111
vt 0.692308 0.166667
vt 0.692308 0.222222
vt 0.692308 0.277778
vt 0.692308 0.333333
vt 0.692308 0.388889
vt 0.692308 0.444444
vt 0.769231 0.500000
vt 0.769231 0.555556
vt 0.769231 0.611111
vt 0.769231 0.666667
vt 0.769231 0.722222
vt 0.769231 0.777778
vt 0.769231 0.833333
vt 0.769231 0.888889
vt 0.769231 0.944444
vt 0.769231 1.000000
vt 0.769231 0.000000
vt 0.769231 0.055556
vt 0.769231 0.111111
vt 0.769231 0.166667
vt 0.769231 0.222222
vt 0.769231 0.277778
vt 0.769231 0.333333
vt 0.769231 0.388889
vt 0.769231 0.444444
vt 0.846154 0.500000
vt 0.846154 0.555556
vt 0.846154 0.611111
vt 0.846154 0.666667
vt 0.846154 0.722222
vt 0.846154 0.777778
vt 0.846154 0.833333
vt 0.846154 0.888889
vt 0.846154 0.944444
vt 0.846154 1.000000
vt 0.846154 0.000000
vt 0.846154 0.055556
vt 0.846154 0.111111
vt 0.846154 0.166667
vt 0.846154 0.222222
vt 0.846154 0.277778
vt 0.846154 0.333333
vt 0.846154 0.388889
vt 0.846154 0.444444
vt 0.923077 0.500000
vt 0.923077 0.555556
vt 0.923077 0.611111
vt 0.923077 0.666667
vt 0.923077 0.722222
vt 0.923077 0.777778
vt 0.923077 0.833333
vt 0.923077 0.888889
vt 0.923077 0.944444
vt 0.923077 1.000000
vt 0.923077 0.000000
vt 0.923077 0.055556
vt 0.923077 0.111111
vt 0.923077 0.166667
vt 0.923077 0.222222
vt 0.923077 0.277778
vt 0.923077 0.333333
vt 0.923077 0.388889
vt 0.923077 0.444444
vt 1.000000 0.500000
vt 1.000000 0.555556
vt 1.000000 0.611111
vt 1.000000 0.666667
vt 1.000000 0.722222
vt 1.000000 0.777778
vt 1.000000 0.833333
vt 1.000000 0.888889
vt 1.000000 0.944444
vt 1.000000 1.000000
vt 1.000000 0.000000
vt 1.000000 0.055556
vt 1.000000 0.111111
vt 1.000000 0.166667
vt 1.000000 0.222222
vt 1.000000 0.277778
vt 1.000000 0.333333
vt 1.000000 0.388889
vt 1.000000 0.444444
vt -0.000000 0.500000
vt 0.076923 0.500000
vt 0.076923 0.555556
vt -0.000000 0.555556
vt 0.076923 0.611111
vt -0.000000 0.611111
vt 0.076923 0.666667
vt -0.000000 0.666667
vt 0.076923 0.722222
vt -0.000000 0.722222
vt 0.076923 0.777778
vt -0.000000 0.777778
vt 0.076923 0.833333
vt -0.000000 0.833333
vt 0.076923 0.888889
vt -0.000000 0.888889
vt 0.076923 0.944444
vt -0.000000 0.944444
vt 0.076923 1.000000
vt -0.000000 1.000000
vt -0.000000 0.000000
vt 0.076923 0.000000
vt 0.076923 0.055556
vt -0.000000 0.055556
vt 0.076923 0.111111
vt -0.000000 0.111111
vt 0.076923 0.166667
vt -0.000000 0.166667
vt 0.076923 0.222222
vt -0.000000 0.222222
vt 0.076923 0.277778
vt -0.000000 0.277778
vt 0.076923 0.333333
vt -0.000000 0.333333
vt 0.076923 0.388889
vt -0.000000 0.388889
vt 0.076923 0.444444
vt -0.000000 0.444444
vt 0.153846 0.500000
vt 0.153846 0.555556
vt 0.153846 0.611111
vt 0.153846 0.666667
vt 0.153846 0.722222
vt 0.153846 0.777778
vt 0.153846 0.833333
vt 0.153846 0.888889
vt 0.153846 0.944444
vt 0.153846 1.000000
vt 0.153846 0.000000
vt 0.153846 0.055556
vt 0.153846 0.111111
vt 0.153846 0.166667
vt 0.153846 0.222222
vt 0.153846 0.277778
vt 0.153846 0.333333
vt 0.153846 0.388889
vt 0.153846 0.444444
vt 0.230769 0.500000
vt 0.230769 0.555556
vt 0.230769 0.611111
vt 0.230769 0.666667
vt 0.230769 0.722222
vt 0.230769 0.777778
vt 0.230769 0.833333
vt 0.230769 0.888889
vt 0.230769 0.944444
vt 0.230769 1.000000
vt 0.230769 0.000000
vt 0.230769 0.055556
vt 0.230769 0.111111
vt 0.230769 0.166667
vt 0.230769 0.222222
vt 0.230769 0.277778
vt 0.230769 0.333333
vt 0.230769 0.388889
vt 0.230769 0.444444
vt 0.307692 0.500000
vt 0.307692 0.555556
vt 0.307692 0.611111
vt 0.307692 0.666667
vt 0.307692 0.722222
vt 0.307692 0.777778
vt 0.307692 0.833333
vt 0.307692 0.888889
vt 0.307692 0.944444
vt 0.307692 1.000000
vt 0.307692 0.000000
vt 0.307692 0.055556
vt 0.307692 0.111111
vt 0.307692 0.166667
vt 0.307692 0.222222
vt 0.307692 0.277778
vt 0.307692 0.333333
vt 0.307692 0.388889
vt 0.307692 0.444444
vt 0.384615 0.500000
vt 0.384615 0.555556
vt 0.384615 0.611111
vt 0.384615 0.666667
vt 0.384615 0.722222
vt 0.384615 0.777778
vt 0.384615 0.833333
vt 0.384615 0.888889
vt 0.384615 0.944444
vt 0.384615 1.000000
vt 0.384615 0.000000
vt 0.384615 0.055556
vt 0.384615 0.111111
vt 0.384615 0.166667
vt 0.384615 0.222222
vt 0.384615 0.277778
vt 0.384615 0.333333
vt 0.384615 0.388889
vt 0.384615 0.444444
vt 0.461538 0.500000
vt 0.461538 0.555556
vt 0.461538 0.611111
vt 0.461538 0.666667
vt 0.461538 0.722222
vt 0.461538 0.777778
vt 0.461538 0.833333
vt 0.461538 0.888889
vt 0.461538 0.944444
vt 0.461538 1.000000
vt 0.461538 0.000000
vt 0.461538 0.055556
vt 0.461538 0.111111
vt 0.461538 0.166667
vt 0.461538 0.222222
vt 0.461538 0.277778
vt 0.461538 0.333333
vt 0.461538 0.388889
vt 0.461538 0.444444
s 0
f 489/575/433 507/576/433 508/577/433 490/578/433
f 490/578/434 508/577/434 509/579/434 491/580/434
f 491/580/435 509/579/435 510/581/435 492/582/435
f 492/582/436 510/581/436 511/583/436 493/584/436
f 493/584/437 511/583/437 512/585/437 494/586/437
f 494/586/438 512/585/438 513/587/438 495/588/438
f 495/588/439 513/587/439 514/589/439 496/590/439
f 496/590/440 514/589/440 515/591/440 497/592/440
f 497/592/441 515/591/441 516/593/441 498/594/441
f 498/595/442 516/596/442 517/597/442 499/598/442
f 499/598/443 517/597/443 518/599/443 500/600/443
f 500/600/444 518/599/444 519/601/444 501/602/444
f 501/602/445 519/601/445 520/603/445 502/604/445
f 502/604/446 520/603/446 521/605/446 503/606/446
f 503/606/447 521/605/447 522/607/447 504/608/447
f 504/608/448 522/607/448 523/609/448 505/610/448
f 505/610/449 523/609/449 524/611/449 506/612/449
f 506/612/450 524/611/450 507/576/450 489/575/450
f 507/576/451 525/613/451 526/614/451 508/577/451
f 508/577/452 526/614/452 527/615/452 509/579/452
f 509/579/453 527/615/453 528/616/453 510/581/453
f 510/581/454 528/616/454 529/617/454 511/583/454
f 511/583/437 529/617/437 530/618/437 512/585/437
f 512/585/455 530/618/455 531/619/455 513/587/455
f 513/587/456 531/619/456 532/620/456 514/589/456
f 514/589/457 532/620/457 533/621/457 515/591/457
f 515/591/458 533/621/458 534/622/458 516/593/458
f 516/596/459 534/623/459 535/624/459 517/597/459
f 517/597/460 535/624/460 536/625/460 518/599/460
f 518/599/461 536/625/461 537/626/461 519/601/461
f 519/601/462 537/626/462 538/627/462 520/603/462
f 520/603/446 538/627/446 539/628/446 521/605/446
f 521/605/463 539/628/463 540/629/463 522/607/463
f 522/607/464 540/629/464 541/630/464 523/609/464
f 523/609/465 541/630/465 542/631/465 524/611/465
f 524/611/466 542/631/466 525/613/466 507/576/466
f 525/613/467 543/632/467 544/633/467 526/614/467
f 526/614/468 544/633/468 545/634/468 527/615/468
f 527/615/469 545/634/469 546/635/469 528/616/469
f 528/616/470 546/635/470 547/636/470 529/617/470
f 529/617/437 547/636/437 548/637/437 530/618/437
f 530/618/471 548/637/471 549/638/471 531/619/471
f 531/619/472 549/638/472 550/639/472 532/620/472
f 532/620/473 550/639/473 551/640/473 533/621/473
f 533/621/474 551/640/474 552/641/474 534/622/474
f 534/623/475 552/642/475 553/643/475 535/624/475
f 535/624/476 553/643/476 554/644/476 536/625/476
f 536/625/477 554/644/477 555/645/477 537/626/477
f 537/626/478 555/645/478 556/646/478 538/627/478
f 538/627/446 556/646/446 557/647/446 539/628/446
f 539/628/479 557/647/479 558/648/479 540/629/479
f 540/629/480 558/648/480 559/649/480 541/630/480
f 541/630/481 559/649/481 560/650/481 542/631/481
f 542/631/482 560/650/482 543/632/482 525/613/482
f 543/632/483 561/651/483 562/652/483 544/633/483
f 544/633/484 562/652/484 563/653/484 545/634/484
f 545/634/485 563/653/485 564/654/485 546/635/485
f 546/635/486 564/654/486 565/655/486 547/636/486
f 547/636/437 565/655/437 566/656/437 548/637/437
f 548/637/487 566/656/487 567/657/487 549/638/487
f 549/638/488 567/657/488 568/658/488 550/639/488
f 550/639/489 568/658/489 569/659/489 551/640/489
f 551/640/490 569/659/490 570/660/490 552/641/490
f 552/642/491 570/661/491 571/662/491 553/643/491
f 553/643/492 571/662/492 572/663/492 554/644/492
f 554/644/493 572/663/493 573/664/493 555/645/493
f 555/645/494 573/664/494 574/665/494 556/646/494
f 556/646/446 574/665/446 575/666/446 557/647/446
f 557/647/495 575/666/495 576/667/495 558/648/495
f 558/648/496 576/667/496 577/668/496 559/649/496
f 559/649/497 577/668/497 578/669/497 560/650/497
f 560/650/498 578/669/498 561/651/498 543/632/498
f 561/651/499 579/670/499 580/671/499 562/652/499
f 562/652/500 580/671/500 581/672/500 563/653/500
f 563/653/501 581/672/501 582/673/501 564/654/501
f 564/654/502 582/673/502 583/674/502 565/655/502
f 565/655/437 583/674/437 584/675/437 566/656/437
f 566/656/503 584/675/503 585/676/503 567/657/503
f 567/657/504 585/676/504 586/677/504 568/658/504
f 568/658/505 586/677/505 587/678/505 569/659/505
f 569/659/506 587/678/506 588/679/506 570/660/506
f 570/661/507 588/680/507 589/681/507 571/662/507
f 571/662/508 589/681/508 590/682/508 572/663/508
f 572/663/509 590/682/509 591/683/509 573/664/509
f 573/664/510 591/683/510 592/684/510 574/665/510
f 574/665/446 592/684/446 593/685/446 575/666/446
f 575/666/511 593/685/511 594/686/511 576/667/511
f 576/667/512 594/686/512 595/687/512 577/668/512
f 577/668/513 595/687/513 596/688/513 578/669/513
f 578/669/514 596/688/514 579/670/514 561/651/514
f 579/670/515 597/689/515 598/690/515 580/671/515
f 580/671/516 598/690/516 599/691/516 581/672/516
f 581/672/517 599/691/517 600/692/517 582/673/517
f 582/673/518 600/692/518 601/693/518 583/674/518
f 583/674/437 601/693/437 602/694/437 584/675/437
f 584/675/519 602/694/519 603/695/519 585/676/519
f 585/676/520 603/695/520 604/696/520 586/677/520
f 586/677/521 604/696/521 605/697/521 587/678/521
f 587/678/522 605/697/522 606/698/522 588/679/522
f 588/680/523 606/699/523 607/700/523 589/681/523
f 589/681/524 607/700/524 608/701/524 590/682/524
f 590/682/525 608/701/525 609/702/525 591/683/525
f 591/683/526 609/702/526 610/703/526 592/684/526
f 592/684/446 610/703/446 611/704/446 593/685/446
f 593/685/527 611/704/527 612/705/527 594/686/527
f 594/686/528 612/705/528 613/706/528 595/687/528
f 595/687/529 613/706/529 614/707/529 596/688/529
f 596/688/530 614/707/530 597/689/530 579/670/530
f 597/708/531 615/709/531 616/710/531 598/711/531
f 598/711/532 616/710/532 617/712/532 599/713/532
f 599/713/533 617/712/533 618/714/533 600/715/533
f 600/715/534 618/714/534 619/716/534 601/717/534
f 601/717/437 619/716/437 620/718/437 602/719/437
f 602/719/535 620/718/535 621/720/535 603/721/535
f 603/721/536 621/720/536 622/722/536 604/723/536
f 604/723/537 622/722/537 623/724/537 605/725/537
f 605/725/538 623/724/538 624/726/538 606/727/538
f 606/728/539 624/729/539 625/730/539 607/731/539
f 607/731/540 625/730/540 626/732/540 608/733/540
f 608/733/541 626/732/541 627/734/541 609/735/541
f 609/735/542 627/734/542 628/736/542 610/737/542
f 610/737/446 628/736/446 629/738/446 611/739/446
f 611/739/543 629/738/543 630/740/543 612/741/543
f 612/741/544 630/740/544 631/742/544 613/743/544
f 613/743/545 631/742/545 632/744/545 614/745/545
f 614/745/546 632/744/546 615/709/546 597/708/546
f 615/709/547 633/746/547 634/747/547 616/710/547
f 616/710/548 634/747/548 635/748/548 617/712/548
f 617/712/549 635/748/549 636/749/549 618/714/549
f 618/714/550 636/749/550 637/750/550 619/716/550
f 619/716/437 637/750/437 638/751/437 620/718/437
f 620/718/551 638/751/551 639/752/551 621/720/551
f 621/720/552 639/752/552 640/753/552 622/722/552
f 622/722/553 640/753/553 641/754/553 623/724/553
f 623/724/554 641/754/554 642/755/554 624/726/554
f 624/729/555 642/756/555 643/757/555 625/730/555
f 625/730/556 643/757/556 644/758/556 626/732/556
f 626/732/557 644/758/557 645/759/557 627/734/557
f 627/734/558 645/759/558 646/760/558 628/736/558
f 628/736/446 646/760/446 647/761/446 629/738/446
f 629/738/559 647/761/559 648/762/559 630/740/559
f 630/740/560 648/762/560 649/763/560 631/742/560
f 631/742/561 649/763/561 650/764/561 632/744/561
f 632/744/562 650/764/562 633/746/562 615/709/562
f 633/746/563 651/765/563 652/766/563 634/747/563
f 634/747/564 652/766/564 653/767/564 635/748/564
f 635/748/565 653/767/565 654/768/565 636/749/565
f 636/749/566 654/768/566 655/769/566 637/750/566
f 637/750/437 655/769/437 656/770/437 638/751/437
f 638/751/567 656/770/567 657/771/567 639/752/567
f 639/752/568 657/771/568 658/772/568 640/753/568
f 640/753/569 658/772/569 659/773/569 641/754/569
f 641/754/570 659/773/570 660/774/570 642/755/570
f 642/756/571 660/775/571 661/776/571 643/757/571
f 643/757/572 661/776/572 662/777/572 644/758/572
f 644/758/573 662/777/573 663/778/573 645/759/573
f 645/759/574 663/778/574 664/779/574 646/760/574
f 646/760/446 664/779/446 665/780/446 647/761/446
f 647/761/575 665/780/575 666/781/575 648/762/575
f 648/762/576 666/781/576 667/782/576 649/763/576
f 649/763/577 667/782/577 668/783/577 650/764/577
f 650/764/578 668/783/578 651/765/578 633/746/578
f 651/765/579 669/784/579 670/785/579 652/766/579
f 652/766/580 670/785/580 671/786/580 653/767/580
f 653/767/581 671/786/581 672/787/581 654/768/581
f 654/768/582 672/787/582 673/788/582 655/769/582
f 655/769/437 673/788/437 674/789/437 656/770/437
f 656/770/583 674/789/583 675/790/583 657/771/583
f 657/771/584 675/790/584 676/791/584 658/772/584
f 658/772/585 676/791/585 677/792/585 659/773/585
f 659/773/586 677/792/586 678/793/586 660/774/586
f 660/775/587 678/794/587 679/795/587 661/776/587
f 661/776/588 679/795/588 680/796/588 662/777/588
f 662/777/589 680/796/589 681/797/589 663/778/589
f 663/778/590 681/797/590 682/798/590 664/779/590
f 664/779/446 682/798/446 683/799/446 665/780/446
f 665/780/591 683/799/591 684/800/591 666/781/591
f 666/781/592 684/800/592 685/801/592 667/782/592
f 667/782/593 685/801/593 686/802/593 668/783/593
f 668/783/594 686/802/594 669/784/594 651/765/594
f 669/784/595 687/803/595 688/804/595 670/785/595
f 670/785/596 688/804/596 689/805/596 671/786/596
f 671/786/597 689/805/597 690/806/597 672/787/597
f 672/787/598 690/806/598 691/807/598 673/788/598
f 673/788/437 691/807/437 692/808/437 674/789/437
f 674/789/599 692/808/599 693/809/599 675/790/599
f 675/790/600 693/809/600 694/810/600 676/791/600
f 676/791/601 694/810/601 695/811/601 677/792/601
f 677/792/602 695/811/602 696/812/602 678/793/602
f 678/794/603 696/813/603 697/814/603 679/795/603
f 679/795/604 697/814/604 698/815/604 680/796/604
f 680/796/605 698/815/605 699/816/605 681/797/605
f 681/797/606 699/816/606 700/817/606 682/798/606
f 682/798/446 700/817/446 701/818/446 683/799/446
f 683/799/607 701/818/607 702/819/607 684/800/607
f 684/800/608 702/819/608 703/820/608 685/801/608
f 685/801/609 703/820/609 704/821/609 686/802/609
f 686/802/610 704/821/610 687/803/610 669/784/610
f 687/803/611 705/822/611 706/823/611 688/804/611
f 688/804/612 706/823/612 707/824/612 689/805/612
f 689/805/613 707/824/613 708/825/613 690/806/613
f 690/806/614 708/825/614 709/826/614 691/807/614
f 691/807/437 709/826/437 710/827/437 692/808/437
f 692/808/615 710/827/615 711/828/615 693/809/615
f 693/809/616 711/828/616 712/829/616 694/810/616
f 694/810/617 712/829/617 713/830/617 695/811/617
f 695/811/618 713/830/618 714/831/618 696/812/618
f 696/813/619 714/832/619 715/833/619 697/814/619
f 697/814/620 715/833/620 716/834/620 698/815/620
f 698/815/621 716/834/621 717/835/621 699/816/621
f 699/816/622 717/835/622 718/836/622 700/817/622
f 700/817/446 718/836/446 719/837/446 701/818/446
f 701/818/623 719/837/623 720/838/623 702/819/623
f 702/819/624 720/838/624 721/839/624 703/820/624
f 703/820/625 721/839/625 722/840/625 704/821/625
f 704/821/626 722/840/626 705/822/626 687/803/626
f 705/822/627 489/575/627 490/578/627 706/823/627
f 706/823/628 490/578/628 491/580/628 707/824/628
f 707/824/629 491/580/629 492/582/629 708/825/629
f 708/825/630 492/582/630 493/584/630 709/826/630
f 709/826/437 493/584/437 494/586/437 710/827/437
f 710/827/631 494/586/631 495/588/631 711/828/631
f 711/828/632 495/588/632 496/590/632 712/829/632
f 712/829/633 496/590/633 497/592/633 713/830/633
f 713/830/634 497/592/634 498/594/634 714/831/634
f 714/832/635 498/595/635 499/598/635 715/833/635
f 715/833/636 499/598/636 500/600/636 716/834/636
f 716/834/637 500/600/637 501/602/637 717/835/637
f 717/835/638 501/602/638 502/604/638 718/836/638
f 718/836/446 502/604/446 503/606/446 719/837/446
f 719/837/639 503/606/639 504/608/639 720/838/639
f 720/838/640 504/608/640 505/610/640 721/839/640
f 721/839/641 505/610/641 506/612/641 722/840/641
f 722/840/642 506/612/642 489/575/642 705/822/642
o Cube
v -0.015906 -0.062110 1.325901
v -0.015906 0.062110 1.325901
v -0.015906 -0.062110 0.984382
v -0.015906 0.062110 0.984382
v 0.512052 -0.062110 1.325901
v 0.512052 0.062110 1.325901
v 0.512052 -0.062110 0.984382
v 0.512052 0.062110 0.984382
vn -1.0000 -0.0000 -0.0000
vn -0.0000 -0.0000 -1.0000
vn 1.0000 -0.0000 -0.0000
vn -0.0000 -0.0000 1.0000
vn -0.0000 -1.0000 -0.0000
vn -0.0000 1.0000 -0.0000
vt 0.375000 0.000000
vt 0.625000 0.000000
vt 0.625000 0.250000
vt 0.375000 0.250000
vt 0.625000 0.500000
vt 0.375000 0.500000
vt 0.625000 0.750000
vt 0.375000 0.750000
vt 0.625000 1.000000
vt 0.375000 1.000000
vt 0.125000 0.500000
vt 0.125000 0.750000
vt 0.875000 0.500000
vt 0.875000 0.750000
s 0
f 723/841/643 724/842/643 726/843/643 725/844/643
f 725/844/644 726/843/644 730/845/644 729/846/644
f 729/846/645 730/845/645 728/847/645 727/848/645
f 727/848/646 728/847/646 724/849/646 723/850/646
f 725/851/647 729/846/647 727/848/647 723/852/647
f 730/845/648 726/853/648 724/854/648 728/847/648
o BézierCurve
o Circle
v 0.009889 0.000000 -3.972872
v -0.185201 0.000000 -3.953658
v -0.372794 0.000000 -3.896752
v -0.545681 0.000000 -3.804342
v -0.697217 0.000000 -3.679979
v -0.821580 0.000000 -3.528443
v -0.913990 0.000000 -3.355556
v -0.970896 0.000000 -3.167963
v -0.990111 0.000000 -2.972872
v -0.970896 0.000000 -2.777782
v -0.913990 0.000000 -2.590189
v -0.821580 0.000000 -2.417302
v -0.697217 0.000000 -2.265766
v -0.545681 0.000000 -2.141403
v -0.372794 0.000000 -2.048993
v -0.185201 0.000000 -1.992087
v 0.009889 0.000000 -1.972872
v 0.204980 0.000000 -1.992087
v 0.392573 0.000000 -2.048993
v 0.565460 0.000000 -2.141403
v 0.716996 0.000000 -2.265766
v 0.841359 0.000000 -2.417302
v 0.933769 0.000000 -2.590189
v 0.990675 0.000000 -2.777782
v 1.009889 0.000000 -2.972872
v 0.990675 0.000000 -3.167963
v 0.933769 0.000000 -3.355556
v 0.841359 0.000000 -3.528443
v 0.716996 0.000000 -3.679979
v 0.565460 0.000000 -3.804342
v 0.392573 0.000000 -3.896752
v 0.204980 0.000000 -3.953658
l 760 761
l 761 762
l 731 762
l 731 732
l 732 733
l 733 734
l 734 735
l 735 736
l 736 737
l 737 738
l 738 739
l 739 740
l 740 741
l 741 742
l 742 743
l 743 744
l 744 745
l 745 746
l 746 747
l 747 748
l 748 749
l 749 750
l 750 751
l 751 752
l 752 753
l 753 754
l 754 755
l 755 756
l 756 757
l 757 758
l 758 759
l 759 760
o Cube.001
v -0.025473 -0.062110 0.786983
v -0.025473 0.062110 0.786983
v -0.025473 -0.062110 0.445464
v -0.025473 0.062110 0.445464
v 0.820061 -0.062110 0.786983
v 0.820061 0.062110 0.786983
v 0.820061 -0.062110 0.445464
v 0.820061 0.062110 0.445464
vn -1.0000 -0.0000 -0.0000
vn -0.0000 -0.0000 -1.0000
vn 1.0000 -0.0000 -0.0000
vn -0.0000 -0.0000 1.0000
vn -0.0000 -1.0000 -0.0000
vn -0.0000 1.0000 -0.0000
vt 0.375000 0.000000
vt 0.625000 0.000000
vt 0.625000 0.250000
vt 0.375000 0.250000
vt 0.625000 0.500000
vt 0.375000 0.500000
vt 0.625000 0.750000
vt 0.375000 0.750000
vt 0.625000 1.000000
vt 0.375000 1.000000
vt 0.125000 0.500000
vt 0.125000 0.750000
vt 0.875000 0.500000
vt 0.875000 0.750000
s 0
f 763/855/649 764/856/649 766/857/649 765/858/649
f 765/858/650 766/857/650 770/859/650 769/860/650
f 769/860/651 770/859/651 768/861/651 767/862/651
f 767/862/652 768/861/652 764/863/652 763/864/652
f 765/865/653 769/860/653 767/862/653 763/866/653
f 770/859/654 766/867/654 764/868/654 768/861/654
o Curve
v 0.684332 0.141669 -2.629652
v 0.663003 0.141669 -2.576226
v 0.660692 0.141669 -2.577150
v 0.654305 0.141669 -2.579705
v 0.644655 0.141669 -2.583565
v 0.632559 0.141669 -2.588403
v 0.618832 0.141669 -2.593894
v 0.604289 0.141669 -2.599711
v 0.589747 0.141669 -2.605528
v 0.576020 0.141669 -2.611018
v 0.563923 0.141669 -2.615856
v 0.554274 0.141669 -2.619716
v 0.547886 0.141669 -2.622271
v 0.545575 0.141669 -2.623195
v 0.515334 0.141669 -2.586815
v 0.481464 0.141669 -2.553408
v 0.444187 0.141669 -2.523010
v 0.403720 0.141669 -2.495657
v 0.360282 0.141669 -2.471387
v 0.314092 0.141669 -2.450235
v 0.265370 0.141669 -2.432237
v 0.214334 0.141669 -2.417430
v 0.161204 0.141669 -2.405850
v 0.106197 0.141669 -2.397534
v 0.049534 0.141669 -2.392518
v -0.008567 0.141669 -2.390838
v -0.066678 0.141669 -2.392518
v -0.123347 0.141669 -2.397534
v -0.178357 0.141669 -2.405850
v -0.231489 0.141669 -2.417430
v -0.282524 0.141669 -2.432237
v -0.331244 0.141669 -2.450235
v -0.377430 0.141669 -2.471387
v -0.420864 0.141669 -2.495657
v -0.461327 0.141669 -2.523010
v -0.498602 0.141669 -2.553408
v -0.532469 0.141669 -2.586815
v -0.562710 0.141669 -2.623195
v -0.680137 0.141669 -2.576226
v -0.701466 0.141669 -2.629652
v -0.699365 0.141669 -2.630492
v -0.693556 0.141669 -2.632814
v -0.684781 0.141669 -2.636323
v -0.673782 0.141669 -2.640721
v -0.661299 0.141669 -2.645712
v -0.648075 0.141669 -2.650999
v -0.634851 0.141669 -2.656287
v -0.622368 0.141669 -2.661278
v -0.611368 0.141669 -2.665676
v -0.602593 0.141669 -2.669184
v -0.596785 0.141669 -2.671507
v -0.594684 0.141669 -2.672347
v -0.601996 0.141669 -2.685796
v -0.608878 0.141669 -2.699541
v -0.615322 0.141669 -2.713581
v -0.621320 0.141669 -2.727915
v -0.626865 0.141669 -2.742542
v -0.631949 0.141669 -2.757461
v -0.636565 0.141669 -2.772672
v -0.640704 0.141669 -2.788172
v -0.644360 0.141669 -2.803962
v -0.647524 0.141669 -2.820041
v -0.650190 0.141669 -2.836407
v -0.652350 0.141669 -2.853060
v -0.738160 0.141669 -2.873361
v -0.724890 0.141669 -2.929323
v -0.723530 0.141669 -2.929001
v -0.719771 0.141669 -2.928113
v -0.714091 0.141669 -2.926770
v -0.706972 0.141669 -2.925087
v -0.698893 0.141669 -2.923177
v -0.690334 0.141669 -2.921154
v -0.681775 0.141669 -2.919130
v -0.673696 0.141669 -2.917221
v -0.666577 0.141669 -2.915538
v -0.660898 0.141669 -2.914195
v -0.657138 0.141669 -2.913306
v -0.655778 0.141669 -2.912985
v -0.655780 0.141669 -2.913218
v -0.655785 0.141669 -2.913449
v -0.655792 0.141669 -2.913679
v -0.655801 0.141669 -2.913908
v -0.655812 0.141669 -2.914137
v -0.655823 0.141669 -2.914365
v -0.655833 0.141669 -2.914593
v -0.655844 0.141669 -2.914822
v -0.655853 0.141669 -2.915051
v -0.655860 0.141669 -2.915282
v -0.655865 0.141669 -2.915513
v -0.655867 0.141669 -2.915746
v -0.655244 0.141669 -2.942657
v -0.653394 0.141669 -2.969152
v -0.650343 0.141669 -2.995214
v -0.646118 0.141669 -3.020823
v -0.640746 0.141669 -3.045965
v -0.634253 0.141669 -3.070620
v -0.626667 0.141669 -3.094771
v -0.618013 0.141669 -3.118402
v -0.608319 0.141669 -3.141493
v -0.597612 0.141669 -3.164028
v -0.585918 0.141669 -3.185991
v -0.573263 0.141669 -3.207361
v -0.581761 0.141669 -3.246630
v -0.585718 0.141669 -3.287015
v -0.585859 0.141669 -3.327655
v -0.582908 0.141669 -3.367684
v -0.577590 0.141669 -3.406240
v -0.570629 0.141669 -3.442457
v -0.562752 0.141669 -3.475472
v -0.554681 0.141669 -3.504422
v -0.547143 0.141669 -3.528442
v -0.540861 0.141669 -3.546669
v -0.536560 0.141669 -3.558239
v -0.534965 0.141669 -3.562287
v -0.531980 0.141669 -3.560991
v -0.523517 0.141669 -3.557217
v -0.510313 0.141669 -3.551139
v -0.493106 0.141669 -3.542932
v -0.472633 0.141669 -3.532767
v -0.449633 0.141669 -3.520820
v -0.424842 0.141669 -3.507264
v -0.398998 0.141669 -3.492272
v -0.372838 0.141669 -3.476018
v -0.347101 0.141669 -3.458675
v -0.322523 0.141669 -3.440418
v -0.299843 0.141669 -3.421420
v -0.277721 0.141669 -3.427598
v -0.255145 0.141669 -3.433027
v -0.232131 0.141669 -3.437746
v -0.208701 0.141669 -3.441797
v -0.184874 0.141669 -3.445219
v -0.160668 0.141669 -3.448054
v -0.136102 0.141669 -3.450342
v -0.111198 0.141669 -3.452123
v -0.085972 0.141669 -3.453437
v -0.060446 0.141669 -3.454326
v -0.034638 0.141669 -3.454830
v -0.008567 0.141669 -3.454989
v 0.017370 0.141669 -3.454807
v 0.043045 0.141669 -3.454240
v 0.068440 0.141669 -3.453256
v 0.093537 0.141669 -3.451821
v 0.118316 0.141669 -3.449903
v 0.142759 0.141669 -3.447470
v 0.166848 0.141669 -3.444489
v 0.190564 0.141669 -3.440926
v 0.213889 0.141669 -3.436751
v 0.236804 0.141669 -3.431929
v 0.259290 0.141669 -3.426429
v 0.281329 0.141669 -3.420218
v 0.303999 0.141669 -3.439352
v 0.328628 0.141669 -3.457748
v 0.354466 0.141669 -3.475229
v 0.380763 0.141669 -3.491619
v 0.406772 0.141669 -3.506741
v 0.431743 0.141669 -3.520420
v 0.454927 0.141669 -3.532478
v 0.475575 0.141669 -3.542739
v 0.492939 0.141669 -3.551027
v 0.506268 0.141669 -3.557165
v 0.514816 0.141669 -3.560977
v 0.517831 0.141669 -3.562287
v 0.519425 0.141669 -3.558240
v 0.523723 0.141669 -3.546673
v 0.530002 0.141669 -3.528450
v 0.537537 0.141669 -3.504435
v 0.545604 0.141669 -3.475491
v 0.553479 0.141669 -3.442481
v 0.560437 0.141669 -3.406269
v 0.565754 0.141669 -3.367719
v 0.568706 0.141669 -3.327695
v 0.568569 0.141669 -3.287059
v 0.564618 0.141669 -3.246675
v 0.556129 0.141669 -3.207407
v 0.568792 0.141669 -3.186036
v 0.580490 0.141669 -3.164074
v 0.591198 0.141669 -3.141538
v 0.600888 0.141669 -3.118445
v 0.609536 0.141669 -3.094814
v 0.617115 0.141669 -3.070660
v 0.623599 0.141669 -3.046002
v 0.628962 0.141669 -3.020857
v 0.633179 0.141669 -2.995241
v 0.636223 0.141669 -2.969173
v 0.638069 0.141669 -2.942670
v 0.638690 0.141669 -2.915749
v 0.638689 0.141669 -2.915516
v 0.638686 0.141669 -2.915284
v 0.638683 0.141669 -2.915054
v 0.638678 0.141669 -2.914825
v 0.638673 0.141669 -2.914596
v 0.638667 0.141669 -2.914368
v 0.638661 0.141669 -2.914140
v 0.638656 0.141669 -2.913911
v 0.638651 0.141669 -2.913682
v 0.638647 0.141669 -2.913452
v 0.638645 0.141669 -2.913220
v 0.638644 0.141669 -2.912987
v 0.707756 0.141669 -2.929326
v 0.721025 0.141669 -2.873361
v 0.635170 0.141669 -2.853060
v 0.633021 0.141669 -2.836407
v 0.630364 0.141669 -2.820041
v 0.627206 0.141669 -2.803962
v 0.623556 0.141669 -2.788172
v 0.619421 0.141669 -2.772671
v 0.614809 0.141669 -2.757461
v 0.609727 0.141669 -2.742542
v 0.604183 0.141669 -2.727915
v 0.598186 0.141669 -2.713581
v 0.591742 0.141669 -2.699541
v 0.584860 0.141669 -2.685796
v 0.577546 0.141669 -2.672347
v 0.684332 -0.116843 -2.629652
v 0.663003 -0.116843 -2.576226
v 0.660692 -0.116843 -2.577150
v 0.654305 -0.116843 -2.579705
v 0.644655 -0.116843 -2.583565
v 0.632559 -0.116843 -2.588403
v 0.618832 -0.116843 -2.593894
v 0.604289 -0.116843 -2.599711
v 0.589747 -0.116843 -2.605528
v 0.576020 -0.116843 -2.611018
v 0.563923 -0.116843 -2.615856
v 0.554274 -0.116843 -2.619716
v 0.547886 -0.116843 -2.622271
v 0.545575 -0.116843 -2.623195
v 0.515334 -0.116843 -2.586815
v 0.481464 -0.116843 -2.553408
v 0.444187 -0.116843 -2.523010
v 0.403720 -0.116843 -2.495657
v 0.360282 -0.116843 -2.471387
v 0.314092 -0.116843 -2.450235
v 0.265370 -0.116843 -2.432237
v 0.214334 -0.116843 -2.417430
v 0.161204 -0.116843 -2.405850
v 0.106197 -0.116843 -2.397534
v 0.049534 -0.116843 -2.392518
v -0.008567 -0.116843 -2.390838
v -0.066678 -0.116843 -2.392518
v -0.123347 -0.116843 -2.397534
v -0.178357 -0.116843 -2.405850
v -0.231489 -0.116843 -2.417430
v -0.282524 -0.116843 -2.432237
v -0.331244 -0.116843 -2.450235
v -0.377430 -0.116843 -2.471387
v -0.420864 -0.116843 -2.495657
v -0.461327 -0.116843 -2.523010
v -0.498602 -0.116843 -2.553408
v -0.532469 -0.116843 -2.586815
v -0.562710 -0.116843 -2.623195
v -0.680137 -0.116843 -2.576226
v -0.701466 -0.116843 -2.629652
v -0.699365 -0.116843 -2.630492
v -0.693556 -0.116843 -2.632814
v -0.684781 -0.116843 -2.636323
v -0.673782 -0.116843 -2.640721
v -0.661299 -0.116843 -2.645712
v -0.648075 -0.116843 -2.650999
v -0.634851 -0.116843 -2.656287
v -0.622368 -0.116843 -2.661278
v -0.611368 -0.116843 -2.665676
v -0.602593 -0.116843 -2.669184
v -0.596785 -0.116843 -2.671507
v -0.594684 -0.116843 -2.672347
v -0.601996 -0.116843 -2.685796
v -0.608878 -0.116843 -2.699541
v -0.615322 -0.116843 -2.713581
v -0.621320 -0.116843 -2.727915
v -0.626865 -0.116843 -2.742542
v -0.631949 -0.116843 -2.757461
v -0.636565 -0.116843 -2.772672
v -0.640704 -0.116843 -2.788172
v -0.644360 -0.116843 -2.803962
v -0.647524 -0.116843 -2.820041
v -0.650190 -0.116843 -2.836407
v -0.652350 -0.116843 -2.853060
v -0.738160 -0.116843 -2.873361
v -0.724890 -0.116843 -2.929323
v -0.723530 -0.116843 -2.929001
v -0.719771 -0.116843 -2.928113
v -0.714091 -0.116843 -2.926770
v -0.706972 -0.116843 -2.925087
v -0.698893 -0.116843 -2.923177
v -0.690334 -0.116843 -2.921154
v -0.681775 -0.116843 -2.919130
v -0.673696 -0.116843 -2.917221
v -0.666577 -0.116843 -2.915538
v -0.660898 -0.116843 -2.914195
v -0.657138 -0.116843 -2.913306
v -0.655778 -0.116843 -2.912985
v -0.655780 -0.116843 -2.913218
v -0.655785 -0.116843 -2.913449
v -0.655792 -0.116843 -2.913679
v -0.655801 -0.116843 -2.913908
v -0.655812 -0.116843 -2.914137
v -0.655823 -0.116843 -2.914365
v -0.655833 -0.116843 -2.914593
v -0.655844 -0.116843 -2.914822
v -0.655853 -0.116843 -2.915051
v -0.655860 -0.116843 -2.915282
v -0.655865 -0.116843 -2.915513
v -0.655867 -0.116843 -2.915746
v -0.655244 -0.116843 -2.942657
v -0.653394 -0.116843 -2.969152
v -0.650343 -0.116843 -2.995214
v -0.646118 -0.116843 -3.020823
v -0.640746 -0.116843 -3.045965
v -0.634253 -0.116843 -3.070620
v -0.626667 -0.116843 -3.094771
v -0.618013 -0.116843 -3.118402
v -0.608319 -0.116843 -3.141493
v -0.597612 -0.116843 -3.164028
v -0.585918 -0.116843 -3.185991
v -0.573263 -0.116843 -3.207361
v -0.581761 -0.116843 -3.246630
v -0.585718 -0.116843 -3.287015
v -0.585859 -0.116843 -3.327655
v -0.582908 -0.116843 -3.367684
v -0.577590 -0.116843 -3.406240
v -0.570629 -0.116843 -3.442457
v -0.562752 -0.116843 -3.475472
v -0.554681 -0.116843 -3.504422
v -0.547143 -0.116843 -3.528442
v -0.540861 -0.116843 -3.546669
v -0.536560 -0.116843 -3.558239
v -0.534965 -0.116843 -3.562287
v -0.531980 -0.116843 -3.560991
v -0.523517 -0.116843 -3.557217
v -0.510313 -0.116843 -3.551139
v -0.493106 -0.116843 -3.542932
v -0.472633 -0.116843 -3.532767
v -0.449633 -0.116843 -3.520820
v -0.424842 -0.116843 -3.507264
v -0.398998 -0.116843 -3.492272
v -0.372838 -0.116843 -3.476018
v -0.347101 -0.116843 -3.458675
v -0.322523 -0.116843 -3.440418
v -0.299843 -0.116843 -3.421420
v -0.277721 -0.116843 -3.427598
v -0.255145 -0.116843 -3.433027
v -0.232131 -0.116843 -3.437746
v -0.208701 -0.116843 -3.441797
v -0.184874 -0.116843 -3.445219
v -0.160668 -0.116843 -3.448054
v -0.136102 -0.116843 -3.450342
v -0.111198 -0.116843 -3.452123
v -0.085972 -0.116843 -3.453437
v -0.060446 -0.116843 -3.454326
v -0.034638 -0.116843 -3.454830
v -0.008567 -0.116843 -3.454989
v 0.017370 -0.116843 -3.454807
v 0.043045 -0.116843 -3.454240
v 0.068440 -0.116843 -3.453256
v 0.093537 -0.116843 -3.451821
v 0.118316 -0.116843 -3.449903
v 0.142759 -0.116843 -3.447470
v 0.166848 -0.116843 -3.444489
v 0.190564 -0.116843 -3.440926
v 0.213889 -0.116843 -3.436751
v 0.236804 -0.116843 -3.431929
v 0.259290 -0.116843 -3.426429
v 0.281329 -0.116843 -3.420218
v 0.303999 -0.116843 -3.439352
v 0.328628 -0.116843 -3.457748
v 0.354466 -0.116843 -3.475229
v 0.380763 -0.116843 -3.491619
v 0.406772 -0.116843 -3.506741
v 0.431743 -0.116843 -3.520420
v 0.454927 -0.116843 -3.532478
v 0.475575 -0.116843 -3.542739
v 0.492939 -0.116843 -3.551027
v 0.506268 -0.116843 -3.557165
v 0.514816 -0.116843 -3.560977
v 0.517831 -0.116843 -3.562287
v 0.519425 -0.116843 -3.558240
v 0.523723 -0.116843 -3.546673
v 0.530002 -0.116843 -3.528450
v 0.537537 -0.116843 -3.504435
v 0.545604 -0.116843 -3.475491
v 0.553479 -0.116843 -3.442481
v 0.560437 -0.116843 -3.406269
v 0.565754 -0.116843 -3.367719
v 0.568706 -0.116843 -3.327695
v 0.568569 -0.116843 -3.287059
v 0.564618 -0.116843 -3.246675
v 0.556129 -0.116843 -3.207407
v 0.568792 -0.116843 -3.186036
v 0.580490 -0.116843 -3.164074
v 0.591198 -0.116843 -3.141538
v 0.600888 -0.116843 -3.118445
v 0.609536 -0.116843 -3.094814
v 0.617115 -0.116843 -3.070660
v 0.623599 -0.116843 -3.046002
v 0.628962 -0.116843 -3.020857
v 0.633179 -0.116843 -2.995241
v 0.636223 -0.116843 -2.969173
v 0.638069 -0.116843 -2.942670
v 0.638690 -0.116843 -2.915749
v 0.638689 -0.116843 -2.915516
v 0.638686 -0.116843 -2.915284
v 0.638683 -0.116843 -2.915054
v 0.638678 -0.116843 -2.914825
v 0.638673 -0.116843 -2.914596
v 0.638667 -0.116843 -2.914368
v 0.638661 -0.116843 -2.914140
v 0.638656 -0.116843 -2.913911
v 0.638651 -0.116843 -2.913682
v 0.638647 -0.116843 -2.913452
v 0.638645 -0.116843 -2.913220
v 0.638644 -0.116843 -2.912987
v 0.707756 -0.116843 -2.929326
v 0.721025 -0.116843 -2.873361
v 0.635170 -0.116843 -2.853060
v 0.633021 -0.116843 -2.836407
v 0.630364 -0.116843 -2.820041
v 0.627206 -0.116843 -2.803962
v 0.623556 -0.116843 -2.788172
v 0.619421 -0.116843 -2.772671
v 0.614809 -0.116843 -2.757461
v 0.609727 -0.116843 -2.742542
v 0.604183 -0.116843 -2.727915
v 0.598186 -0.116843 -2.713581
v 0.591742 -0.116843 -2.699541
v 0.584860 -0.116843 -2.685796
v 0.577546 -0.116843 -2.672347
v 0.684332 -0.116843 -2.629652
v 0.684332 0.141669 -2.629652
v 0.663003 -0.116843 -2.576226
v 0.663003 0.141669 -2.576226
v 0.660692 -0.116843 -2.577150
v 0.660692 0.141669 -2.577150
v 0.654305 -0.116843 -2.579705
v 0.654305 0.141669 -2.579705
v 0.644655 -0.116843 -2.583565
v 0.644655 0.141669 -2.583565
v 0.632559 -0.116843 -2.588403
v 0.632559 0.141669 -2.588403
v 0.618832 -0.116843 -2.593894
v 0.618832 0.141669 -2.593894
v 0.604289 -0.116843 -2.599711
v 0.604289 0.141669 -2.599711
v 0.589747 -0.116843 -2.605528
v 0.589747 0.141669 -2.605528
v 0.576020 -0.116843 -2.611018
v 0.576020 0.141669 -2.611018
v 0.563923 -0.116843 -2.615856
v 0.563923 0.141669 -2.615856
v 0.554274 -0.116843 -2.619716
v 0.554274 0.141669 -2.619716
v 0.547886 -0.116843 -2.622271
v 0.547886 0.141669 -2.622271
v 0.545575 -0.116843 -2.623195
v 0.545575 0.141669 -2.623195
v 0.515334 -0.116843 -2.586815
v 0.515334 0.141669 -2.586815
v 0.481464 -0.116843 -2.553408
v 0.481464 0.141669 -2.553408
v 0.444187 -0.116843 -2.523010
v 0.444187 0.141669 -2.523010
v 0.403720 -0.116843 -2.495657
v 0.403720 0.141669 -2.495657
v 0.360282 -0.116843 -2.471387
v 0.360282 0.141669 -2.471387
v 0.314092 -0.116843 -2.450235
v 0.314092 0.141669 -2.450235
v 0.265370 -0.116843 -2.432237
v 0.265370 0.141669 -2.432237
v 0.214334 -0.116843 -2.417430
v 0.214334 0.141669 -2.417430
v 0.161204 -0.116843 -2.405850
v 0.161204 0.141669 -2.405850
v 0.106197 -0.116843 -2.397534
v 0.106197 0.141669 -2.397534
v 0.049534 -0.116843 -2.392518
v 0.049534 0.141669 -2.392518
v -0.008567 -0.116843 -2.390838
v -0.008567 0.141669 -2.390838
v -0.066678 -0.116843 -2.392518
v -0.066678 0.141669 -2.392518
v -0.123347 -0.116843 -2.397534
v -0.123347 0.141669 -2.397534
v -0.178357 -0.116843 -2.405850
v -0.178357 0.141669 -2.405850
v -0.231489 -0.116843 -2.417430
v -0.231489 0.141669 -2.417430
v -0.282524 -0.116843 -2.432237
v -0.282524 0.141669 -2.432237
v -0.331244 -0.116843 -2.450235
v -0.331244 0.141669 -2.450235
v -0.377430 -0.116843 -2.471387
v -0.377430 0.141669 -2.471387
v -0.420864 -0.116843 -2.495657
v -0.420864 0.141669 -2.495657
v -0.461327 -0.116843 -2.523010
v -0.461327 0.141669 -2.523010
v -0.498602 -0.116843 -2.553408
v -0.498602 0.141669 -2.553408
v -0.532469 -0.116843 -2.586815
v -0.532469 0.141669 -2.586815
v -0.562710 -0.116843 -2.623195
v -0.562710 0.141669 -2.623195
v -0.680137 -0.116843 -2.576226
v -0.680137 0.141669 -2.576226
v -0.701466 -0.116843 -2.629652
v -0.701466 0.141669 -2.629652
v -0.699365 -0.116843 -2.630492
v -0.699365 0.141669 -2.630492
v -0.693556 -0.116843 -2.632814
v -0.693556 0.141669 -2.632814
v -0.684781 -0.116843 -2.636323
v -0.684781 0.141669 -2.636323
v -0.673782 -0.116843 -2.640721
v -0.673782 0.141669 -2.640721
v -0.661299 -0.116843 -2.645712
v -0.661299 0.141669 -2.645712
v -0.648075 -0.116843 -2.650999
v -0.648075 0.141669 -2.650999
v -0.634851 -0.116843 -2.656287
v -0.634851 0.141669 -2.656287
v -0.622368 -0.116843 -2.661278
v -0.622368 0.141669 -2.661278
v -0.611368 -0.116843 -2.665676
v -0.611368 0.141669 -2.665676
v -0.602593 -0.116843 -2.669184
v -0.602593 0.141669 -2.669184
v -0.596785 -0.116843 -2.671507
v -0.596785 0.141669 -2.671507
v -0.594684 -0.116843 -2.672347
v -0.594684 0.141669 -2.672347
v -0.601996 -0.116843 -2.685796
v -0.601996 0.141669 -2.685796
v -0.608878 -0.116843 -2.699541
v -0.608878 0.141669 -2.699541
v -0.615322 -0.116843 -2.713581
v -0.615322 0.141669 -2.713581
v -0.621320 -0.116843 -2.727915
v -0.621320 0.141669 -2.727915
v -0.626865 -0.116843 -2.742542
v -0.626865 0.141669 -2.742542
v -0.631949 -0.116843 -2.757461
v -0.631949 0.141669 -2.757461
v -0.636565 -0.116843 -2.772672
v -0.636565 0.141669 -2.772672
v -0.640704 -0.116843 -2.788172
v -0.640704 0.141669 -2.788172
v -0.644360 -0.116843 -2.803962
v -0.644360 0.141669 -2.803962
v -0.647524 -0.116843 -2.820041
v -0.647524 0.141669 -2.820041
v -0.650190 -0.116843 -2.836407
v -0.650190 0.141669 -2.836407
v -0.652350 -0.116843 -2.853060
v -0.652350 0.141669 -2.853060
v -0.738160 -0.116843 -2.873361
v -0.738160 0.141669 -2.873361
v -0.724890 -0.116843 -2.929323
v -0.724890 0.141669 -2.929323
v -0.723530 -0.116843 -2.929001
v -0.723530 0.141669 -2.929001
v -0.719771 -0.116843 -2.928113
v -0.719771 0.141669 -2.928113
v -0.714091 -0.116843 -2.926770
v -0.714091 0.141669 -2.926770
v -0.706972 -0.116843 -2.925087
v -0.706972 0.141669 -2.925087
v -0.698893 -0.116843 -2.923177
v -0.698893 0.141669 -2.923177
v -0.690334 -0.116843 -2.921154
v -0.690334 0.141669 -2.921154
v -0.681775 -0.116843 -2.919130
v -0.681775 0.141669 -2.919130
v -0.673696 -0.116843 -2.917221
v -0.673696 0.141669 -2.917221
v -0.666577 -0.116843 -2.915538
v -0.666577 0.141669 -2.915538
v -0.660898 -0.116843 -2.914195
v -0.660898 0.141669 -2.914195
v -0.657138 -0.116843 -2.913306
v -0.657138 0.141669 -2.913306
v -0.655778 -0.116843 -2.912985
v -0.655778 0.141669 -2.912985
v -0.655780 -0.116843 -2.913218
v -0.655780 0.141669 -2.913218
v -0.655785 -0.116843 -2.913449
v -0.655785 0.141669 -2.913449
v -0.655792 -0.116843 -2.913679
v -0.655792 0.141669 -2.913679
v -0.655801 -0.116843 -2.913908
v -0.655801 0.141669 -2.913908
v -0.655812 -0.116843 -2.914137
v -0.655812 0.141669 -2.914137
v -0.655823 -0.116843 -2.914365
v -0.655823 0.141669 -2.914365
v -0.655833 -0.116843 -2.914593
v -0.655833 0.141669 -2.914593
v -0.655844 -0.116843 -2.914822
v -0.655844 0.141669 -2.914822
v -0.655853 -0.116843 -2.915051
v -0.655853 0.141669 -2.915051
v -0.655860 -0.116843 -2.915282
v -0.655860 0.141669 -2.915282
v -0.655865 -0.116843 -2.915513
v -0.655865 0.141669 -2.915513
v -0.655867 -0.116843 -2.915746
v -0.655867 0.141669 -2.915746
v -0.655244 -0.116843 -2.942657
v -0.655244 0.141669 -2.942657
v -0.653394 -0.116843 -2.969152
v -0.653394 0.141669 -2.969152
v -0.650343 -0.116843 -2.995214
v -0.650343 0.141669 -2.995214
v -0.646118 -0.116843 -3.020823
v -0.646118 0.141669 -3.020823
v -0.640746 -0.116843 -3.045965
v -0.640746 0.141669 -3.045965
v -0.634253 -0.116843 -3.070620
v -0.634253 0.141669 -3.070620
v -0.626667 -0.116843 -3.094771
v -0.626667 0.141669 -3.094771
v -0.618013 -0.116843 -3.118402
v -0.618013 0.141669 -3.118402
v -0.608319 -0.116843 -3.141493
v -0.608319 0.141669 -3.141493
v -0.597612 -0.116843 -3.164028
v -0.597612 0.141669 -3.164028
v -0.585918 -0.116843 -3.185991
v -0.585918 0.141669 -3.185991
v -0.573263 -0.116843 -3.207361
v -0.573263 0.141669 -3.207361
v -0.581761 -0.116843 -3.246630
v -0.581761 0.141669 -3.246630
v -0.585718 -0.116843 -3.287015
v -0.585718 0.141669 -3.287015
v -0.585859 -0.116843 -3.327655
v -0.585859 0.141669 -3.327655
v -0.582908 -0.116843 -3.367684
v -0.582908 0.141669 -3.367684
v -0.577590 -0.116843 -3.406240
v -0.577590 0.141669 -3.406240
v -0.570629 -0.116843 -3.442457
v -0.570629 0.141669 -3.442457
v -0.562752 -0.116843 -3.475472
v -0.562752 0.141669 -3.475472
v -0.554681 -0.116843 -3.504422
v -0.554681 0.141669 -3.504422
v -0.547143 -0.116843 -3.528442
v -0.547143 0.141669 -3.528442
v -0.540861 -0.116843 -3.546669
v -0.540861 0.141669 -3.546669
v -0.536560 -0.116843 -3.558239
v -0.536560 0.141669 -3.558239
v -0.534965 -0.116843 -3.562287
v -0.534965 0.141669 -3.562287
v -0.531980 -0.116843 -3.560991
v -0.531980 0.141669 -3.560991
v -0.523517 -0.116843 -3.557217
v -0.523517 0.141669 -3.557217
v -0.510313 -0.116843 -3.551139
v -0.510313 0.141669 -3.551139
v -0.493106 -0.116843 -3.542932
v -0.493106 0.141669 -3.542932
v -0.472633 -0.116843 -3.532767
v -0.472633 0.141669 -3.532767
v -0.449633 -0.116843 -3.520820
v -0.449633 0.141669 -3.520820
v -0.424842 -0.116843 -3.507264
v -0.424842 0.141669 -3.507264
v -0.398998 -0.116843 -3.492272
v -0.398998 0.141669 -3.492272
v -0.372838 -0.116843 -3.476018
v -0.372838 0.141669 -3.476018
v -0.347101 -0.116843 -3.458675
v -0.347101 0.141669 -3.458675
v -0.322523 -0.116843 -3.440418
v -0.322523 0.141669 -3.440418
v -0.299843 -0.116843 -3.421420
v -0.299843 0.141669 -3.421420
v -0.277721 -0.116843 -3.427598
v -0.277721 0.141669 -3.427598
v -0.255145 -0.116843 -3.433027
v -0.255145 0.141669 -3.433027
v -0.232131 -0.116843 -3.437746
v -0.232131 0.141669 -3.437746
v -0.208701 -0.116843 -3.441797
v -0.208701 0.141669 -3.441797
v -0.184874 -0.116843 -3.445219
v -0.184874 0.141669 -3.445219
v -0.160668 -0.116843 -3.448054
v -0.160668 0.141669 -3.448054
v -0.136102 -0.116843 -3.450342
v -0.136102 0.141669 -3.450342
v -0.111198 -0.116843 -3.452123
v -0.111198 0.141669 -3.452123
v -0.085972 -0.116843 -3.453437
v -0.085972 0.141669 -3.453437
v -0.060446 -0.116843 -3.454326
v -0.060446 0.141669 -3.454326
v -0.034638 -0.116843 -3.454830
v -0.034638 0.141669 -3.454830
v -0.008567 -0.116843 -3.454989
v -0.008567 0.141669 -3.454989
v 0.017370 -0.116843 -3.454807
v 0.017370 0.141669 -3.454807
v 0.043045 -0.116843 -3.454240
v 0.043045 0.141669 -3.454240
v 0.068440 -0.116843 -3.453256
v 0.068440 0.141669 -3.453256
v 0.093537 -0.116843 -3.451821
v 0.093537 0.141669 -3.451821
v 0.118316 -0.116843 -3.449903
v 0.118316 0.141669 -3.449903
v 0.142759 -0.116843 -3.447470
v 0.142759 0.141669 -3.447470
v 0.166848 -0.116843 -3.444489
v 0.166848 0.141669 -3.444489
v 0.190564 -0.116843 -3.440926
v 0.190564 0.141669 -3.440926
v 0.213889 -0.116843 -3.436751
v 0.213889 0.141669 -3.436751
v 0.236804 -0.116843 -3.431929
v 0.236804 0.141669 -3.431929
v 0.259290 -0.116843 -3.426429
v 0.259290 0.141669 -3.426429
v 0.281329 -0.116843 -3.420218
v 0.281329 0.141669 -3.420218
v 0.303999 -0.116843 -3.439352
v 0.303999 0.141669 -3.439352
v 0.328628 -0.116843 -3.457748
v 0.328628 0.141669 -3.457748
v 0.354466 -0.116843 -3.475229
v 0.354466 0.141669 -3.475229
v 0.380763 -0.116843 -3.491619
v 0.380763 0.141669 -3.491619
v 0.406772 -0.116843 -3.506741
v 0.406772 0.141669 -3.506741
v 0.431743 -0.116843 -3.520420
v 0.431743 0.141669 -3.520420
v 0.454927 -0.116843 -3.532478
v 0.454927 0.141669 -3.532478
v 0.475575 -0.116843 -3.542739
v 0.475575 0.141669 -3.542739
v 0.492939 -0.116843 -3.551027
v 0.492939 0.141669 -3.551027
v 0.506268 -0.116843 -3.557165
v 0.506268 0.141669 -3.557165
v 0.514816 -0.116843 -3.560977
v 0.514816 0.141669 -3.560977
v 0.517831 -0.116843 -3.562287
v 0.517831 0.141669 -3.562287
v 0.519425 -0.116843 -3.558240
v 0.519425 0.141669 -3.558240
v 0.523723 -0.116843 -3.546673
v 0.523723 0.141669 -3.546673
v 0.530002 -0.116843 -3.528450
v 0.530002 0.141669 -3.528450
v 0.537537 -0.116843 -3.504435
v 0.537537 0.141669 -3.504435
v 0.545604 -0.116843 -3.475491
v 0.545604 0.141669 -3.475491
v 0.553479 -0.116843 -3.442481
v 0.553479 0.141669 -3.442481
v 0.560437 -0.116843 -3.406269
v 0.560437 0.141669 -3.406269
v 0.565754 -0.116843 -3.367719
v 0.565754 0.141669 -3.367719
v 0.568706 -0.116843 -3.327695
v 0.568706 0.141669 -3.327695
v 0.568569 -0.116843 -3.287059
v 0.568569 0.141669 -3.287059
v 0.564618 -0.116843 -3.246675
v 0.564618 0.141669 -3.246675
v 0.556129 -0.116843 -3.207407
v 0.556129 0.141669 -3.207407
v 0.568792 -0.116843 -3.186036
v 0.568792 0.141669 -3.186036
v 0.580490 -0.116843 -3.164074
v 0.580490 0.141669 -3.164074
v 0.591198 -0.116843 -3.141538
v 0.591198 0.141669 -3.141538
v 0.600888 -0.116843 -3.118445
v 0.600888 0.141669 -3.118445
v 0.609536 -0.116843 -3.094814
v 0.609536 0.141669 -3.094814
v 0.617115 -0.116843 -3.070660
v 0.617115 0.141669 -3.070660
v 0.623599 -0.116843 -3.046002
v 0.623599 0.141669 -3.046002
v 0.628962 -0.116843 -3.020857
v 0.628962 0.141669 -3.020857
v 0.633179 -0.116843 -2.995241
v 0.633179 0.141669 -2.995241
v 0.636223 -0.116843 -2.969173
v 0.636223 0.141669 -2.969173
v 0.638069 -0.116843 -2.942670
v 0.638069 0.141669 -2.942670
v 0.638690 -0.116843 -2.915749
v 0.638690 0.141669 -2.915749
v 0.638689 -0.116843 -2.915516
v 0.638689 0.141669 -2.915516
v 0.638686 -0.116843 -2.915284
v 0.638686 0.141669 -2.915284
v 0.638683 -0.116843 -2.915054
v 0.638683 0.141669 -2.915054
v 0.638678 -0.116843 -2.914825
v 0.638678 0.141669 -2.914825
v 0.638673 -0.116843 -2.914596
v 0.638673 0.141669 -2.914596
v 0.638667 -0.116843 -2.914368
v 0.638667 0.141669 -2.914368
v 0.638661 -0.116843 -2.914140
v 0.638661 0.141669 -2.914140
v 0.638656 -0.116843 -2.913911
v 0.638656 0.141669 -2.913911
v 0.638651 -0.116843 -2.913682
v 0.638651 0.141669 -2.913682
v 0.638647 -0.116843 -2.913452
v 0.638647 0.141669 -2.913452
v 0.638645 -0.116843 -2.913220
v 0.638645 0.141669 -2.913220
v 0.638644 -0.116843 -2.912987
v 0.638644 0.141669 -2.912987
v 0.707756 -0.116843 -2.929326
v 0.707756 0.141669 -2.929326
v 0.721025 -0.116843 -2.873361
v 0.721025 0.141669 -2.873361
v 0.635170 -0.116843 -2.853060
v 0.635170 0.141669 -2.853060
v 0.633021 -0.116843 -2.836407
v 0.633021 0.141669 -2.836407
v 0.630364 -0.116843 -2.820041
v 0.630364 0.141669 -2.820041
v 0.627206 -0.116843 -2.803962
v 0.627206 0.141669 -2.803962
v 0.623556 -0.116843 -2.788172
v 0.623556 0.141669 -2.788172
v 0.619421 -0.116843 -2.772671
v 0.619421 0.141669 -2.772671
v 0.614809 -0.116843 -2.757461
v 0.614809 0.141669 -2.757461
v 0.609727 -0.116843 -2.742542
v 0.609727 0.141669 -2.742542
v 0.604183 -0.116843 -2.727915
v 0.604183 0.141669 -2.727915
v 0.598186 -0.116843 -2.713581
v 0.598186 0.141669 -2.713581
v 0.591742 -0.116843 -2.699541
v 0.591742 0.141669 -2.699541
v 0.584860 -0.116843 -2.685796
v 0.584860 0.141669 -2.685796
v 0.577546 -0.116843 -2.672347
v 0.577546 0.141669 -2.672347
vn -0.0000 1.0000 -0.0000
vn -0.0000 -1.0000 -0.0000
vn 1.0000 -0.0000 -0.0000
vn 0.9190 -0.0000 -0.3943
vn 0.3942 -0.0000 0.9190
vn -0.3714 -0.0000 0.9285
vn 0.2458 -0.0000 0.9693
vn 0.7365 -0.0000 0.6764
vn 0.6678 -0.0000 0.7443
vn 0.5966 -0.0000 0.8026
vn 0.5244 -0.0000 0.8515
vn 0.4524 -0.0000 0.8918
vn 0.3817 -0.0000 0.9243
vn 0.3128 -0.0000 0.9498
vn 0.2459 -0.0000 0.9693
vn 0.1813 -0.0000 0.9834
vn 0.1189 -0.0000 0.9929
vn 0.0586 -0.0000 0.9983
vn -0.0000 -0.0000 1.0000
vn -0.0586 -0.0000 0.9983
vn -0.1189 -0.0000 0.9929
vn -0.1813 -0.0000 0.9834
vn -0.2459 -0.0000 0.9693
vn -0.3128 -0.0000 0.9498
vn -0.3817 -0.0000 0.9243
vn -0.4525 -0.0000 0.8918
vn -0.5244 -0.0000 0.8515
vn -0.5966 -0.0000 0.8025
vn -0.6679 -0.0000 0.7443
vn -0.7365 -0.0000 0.6764
vn -0.3942 -0.0000 0.9190
vn -0.9190 -0.0000 -0.3943
vn -0.3712 -0.0000 -0.9285
vn -0.3713 -0.0000 -0.9285
vn -0.9407 -0.0000 -0.3394
vn -0.8865 -0.0000 0.4628
vn -0.9016 -0.0000 0.4325
vn -0.9158 -0.0000 0.4016
vn -0.9289 -0.0000 0.3703
vn -0.9409 -0.0000 0.3386
vn -0.9519 -0.0000 0.3065
vn -0.9617 -0.0000 0.2742
vn -0.9703 -0.0000 0.2418
vn -0.9778 -0.0000 0.2094
vn -0.9842 -0.0000 0.1770
vn -0.9895 -0.0000 0.1447
vn -0.7427 -0.0000 0.6696
vn -0.8510 -0.0000 0.5251
vn -0.5251 -0.0000 -0.8510
vn 0.2301 -0.0000 -0.9732
vn -0.6233 -0.0000 -0.7820
vn -0.9999 -0.0000 0.0142
vn -0.9997 -0.0000 0.0261
vn -0.9994 -0.0000 0.0356
vn -0.9991 -0.0000 0.0424
vn -0.9989 -0.0000 0.0465
vn -0.9988 -0.0000 0.0480
vn -0.9994 -0.0000 0.0355
vn -1.0000 -0.0000 -0.0079
vn -0.9989 -0.0000 -0.0464
vn -0.9957 -0.0000 -0.0930
vn -0.9902 -0.0000 -0.1396
vn -0.9826 -0.0000 -0.1859
vn -0.9727 -0.0000 -0.2319
vn -0.9608 -0.0000 -0.2772
vn -0.9468 -0.0000 -0.3219
vn -0.9308 -0.0000 -0.3656
vn -0.9129 -0.0000 -0.4082
vn -0.8932 -0.0000 -0.4497
vn -0.8718 -0.0000 -0.4899
vn -0.9871 -0.0000 -0.1601
vn -0.9880 -0.0000 0.1548
vn -0.9987 -0.0000 0.0505
vn -0.9994 -0.0000 -0.0351
vn -0.9945 -0.0000 -0.1051
vn -0.9867 -0.0000 -0.1627
vn -0.9776 -0.0000 -0.2105
vn -0.9682 -0.0000 -0.2504
vn -0.9588 -0.0000 -0.2840
vn -0.9499 -0.0000 -0.3127
vn -0.9414 -0.0000 -0.3372
vn -0.9339 -0.0000 -0.3575
vn -0.3829 -0.0000 -0.9238
vn 0.4028 -0.0000 -0.9153
vn 0.4127 -0.0000 -0.9109
vn 0.4243 -0.0000 -0.9055
vn 0.4376 -0.0000 -0.8992
vn 0.4528 -0.0000 -0.8916
vn 0.4704 -0.0000 -0.8825
vn 0.4908 -0.0000 -0.8713
vn 0.5148 -0.0000 -0.8573
vn 0.5434 -0.0000 -0.8395
vn 0.5777 -0.0000 -0.8162
vn 0.6195 -0.0000 -0.7850
vn 0.2109 -0.0000 -0.9775
vn -0.2514 -0.0000 -0.9679
vn -0.2174 -0.0000 -0.9761
vn -0.1856 -0.0000 -0.9826
vn -0.1563 -0.0000 -0.9877
vn -0.1293 -0.0000 -0.9916
vn -0.1045 -0.0000 -0.9945
vn -0.0820 -0.0000 -0.9966
vn -0.0617 -0.0000 -0.9981
vn -0.0434 -0.0000 -0.9991
vn -0.0272 -0.0000 -0.9996
vn -0.0128 -0.0000 -0.9999
vn 0.0005 -0.0000 -1.0000
vn 0.0145 -0.0000 -0.9999
vn 0.0304 -0.0000 -0.9995
vn 0.0479 -0.0000 -0.9989
vn 0.0671 -0.0000 -0.9977
vn 0.0881 -0.0000 -0.9961
vn 0.1110 -0.0000 -0.9938
vn 0.1357 -0.0000 -0.9908
vn 0.1624 -0.0000 -0.9867
vn 0.1911 -0.0000 -0.9816
vn 0.2218 -0.0000 -0.9751
vn 0.2545 -0.0000 -0.9671
vn -0.2115 -0.0000 -0.9774
vn -0.6220 -0.0000 -0.7830
vn -0.5796 -0.0000 -0.8149
vn -0.5447 -0.0000 -0.8386
vn -0.5158 -0.0000 -0.8567
vn -0.4916 -0.0000 -0.8708
vn -0.4709 -0.0000 -0.8822
vn -0.4532 -0.0000 -0.8914
vn -0.4379 -0.0000 -0.8990
vn -0.4245 -0.0000 -0.9054
vn -0.4128 -0.0000 -0.9108
vn -0.4029 -0.0000 -0.9152
vn 0.3829 -0.0000 -0.9238
vn 0.9340 -0.0000 -0.3574
vn 0.9415 -0.0000 -0.3371
vn 0.9499 -0.0000 -0.3126
vn 0.9588 -0.0000 -0.2840
vn 0.9682 -0.0000 -0.2503
vn 0.9776 -0.0000 -0.2104
vn 0.9867 -0.0000 -0.1627
vn 0.9945 -0.0000 -0.1052
vn 0.9994 -0.0000 -0.0351
vn 0.9987 -0.0000 0.0504
vn 0.9880 -0.0000 0.1546
vn 0.9871 -0.0000 -0.1603
vn 0.8717 -0.0000 -0.4901
vn 0.8932 -0.0000 -0.4498
vn 0.9129 -0.0000 -0.4082
vn 0.9309 -0.0000 -0.3654
vn 0.9469 -0.0000 -0.3216
vn 0.9609 -0.0000 -0.2769
vn 0.9728 -0.0000 -0.2315
vn 0.9826 -0.0000 -0.1856
vn 0.9903 -0.0000 -0.1392
vn 0.9957 -0.0000 -0.0928
vn 0.9989 -0.0000 -0.0463
vn 1.0000 -0.0000 -0.0098
vn 1.0000 -0.0000 0.0072
vn 0.9999 -0.0000 0.0135
vn 0.9998 -0.0000 0.0184
vn 0.9998 -0.0000 0.0219
vn 0.9997 -0.0000 0.0240
vn 0.9997 -0.0000 0.0250
vn 0.9997 -0.0000 0.0239
vn 0.9998 -0.0000 0.0185
vn 0.9999 -0.0000 0.0134
vn 0.6219 -0.0000 -0.7831
vn 0.5252 -0.0000 -0.8510
vn 0.8510 -0.0000 0.5252
vn 0.7429 -0.0000 0.6695
vn 0.9896 -0.0000 0.1441
vn 0.9843 -0.0000 0.1765
vn 0.9779 -0.0000 0.2090
vn 0.9704 -0.0000 0.2415
vn 0.9617 -0.0000 0.2740
vn 0.9519 -0.0000 0.3064
vn 0.9410 -0.0000 0.3385
vn 0.9289 -0.0000 0.3702
vn 0.9158 -0.0000 0.4016
vn 0.9016 -0.0000 0.4325
vn 0.8865 -0.0000 0.4628
vn 0.9407 -0.0000 -0.3393
vt 0.528302 0.000000
vt 0.537736 0.000000
vt 0.533019 0.000000
vt 0.754717 0.000000
vt 0.764151 0.000000
vt 0.759434 0.000000
vt 0.542453 0.000000
vt 0.750000 0.000000
vt 0.768868 0.000000
vt 0.523585 0.000000
vt 0.547170 0.000000
vt 0.745283 0.000000
vt 0.551887 0.000000
vt 0.740566 0.000000
vt 0.773585 0.000000
vt 0.518868 0.000000
vt 0.556604 0.000000
vt 0.735849 0.000000
vt 0.561321 0.000000
vt 0.731132 0.000000
vt 0.778302 0.000000
vt 0.514151 0.000000
vt 0.566038 0.000000
vt 0.726415 0.000000
vt 0.570755 0.000000
vt 0.721698 0.000000
vt 0.783019 0.000000
vt 0.509434 0.000000
vt 0.575472 0.000000
vt 0.716981 0.000000
vt 0.580189 0.000000
vt 0.787736 0.000000
vt 0.504717 0.000000
vt 0.712264 0.000000
vt 0.584906 0.000000
vt 0.707547 0.000000
vt 0.641509 0.000000
vt 0.650943 0.000000
vt 0.646226 0.000000
vt 0.636792 0.000000
vt 0.655660 0.000000
vt 0.632075 0.000000
vt 0.660377 0.000000
vt 0.627358 0.000000
vt 0.665094 0.000000
vt 0.622642 0.000000
vt 0.669811 0.000000
vt 0.617925 0.000000
vt 0.674528 0.000000
vt 0.613208 0.000000
vt 0.679245 0.000000
vt 0.608491 0.000000
vt 0.683962 0.000000
vt 0.792453 0.000000
vt 0.500000 0.000000
vt 0.603774 0.000000
vt 0.688679 0.000000
vt 0.589623 0.000000
vt 0.702830 0.000000
vt 0.599057 0.000000
vt 0.693396 0.000000
vt 0.594340 0.000000
vt 0.698113 0.000000
vt 0.797170 0.000000
vt 0.495283 0.000000
vt 0.801887 0.000000
vt 0.490566 0.000000
vt 0.806604 0.000000
vt 0.485849 0.000000
vt 0.811321 0.000000
vt 0.481132 0.000000
vt 0.816038 0.000000
vt 0.476415 0.000000
vt 0.820755 0.000000
vt 0.471698 0.000000
vt 0.825472 0.000000
vt 0.466981 0.000000
vt 0.830189 0.000000
vt 0.462264 0.000000
vt 0.834906 0.000000
vt 0.457547 0.000000
vt 0.839623 0.000000
vt 0.452830 0.000000
vt 0.844340 0.000000
vt 0.448113 0.000000
vt 0.849057 0.000000
vt 0.443396 0.000000
vt 0.853774 0.000000
vt 0.438679 0.000000
vt 0.858491 0.000000
vt 0.433962 0.000000
vt 0.863208 0.000000
vt 0.429245 0.000000
vt 0.867925 0.000000
vt 0.424528 0.000000
vt 0.872642 0.000000
vt 0.419811 0.000000
vt 0.929245 0.000000
vt 0.938679 0.000000
vt 0.933962 0.000000
vt 0.301887 0.000000
vt 0.311321 0.000000
vt 0.306604 0.000000
vt 0.316038 0.000000
vt 0.320755 0.000000
vt 0.325472 0.000000
vt 0.330189 0.000000
vt 0.334906 0.000000
vt 0.339623 0.000000
vt 0.344340 0.000000
vt 0.349057 0.000000
vt 0.877358 0.000000
vt 0.415094 0.000000
vt 0.353774 0.000000
vt 0.882075 0.000000
vt 0.410377 0.000000
vt 0.886792 0.000000
vt 0.405660 0.000000
vt 0.891509 0.000000
vt 0.400943 0.000000
vt 0.896226 0.000000
vt 0.396226 0.000000
vt 0.900943 0.000000
vt 0.391509 0.000000
vt 0.905660 0.000000
vt 0.386792 0.000000
vt 0.358491 0.000000
vt 0.910377 0.000000
vt 0.382075 0.000000
vt 0.915094 0.000000
vt 0.377358 0.000000
vt 0.919811 0.000000
vt 0.372642 0.000000
vt 0.924528 0.000000
vt 0.367925 0.000000
vt 0.363208 0.000000
vt 0.297170 0.000000
vt 0.943396 0.000000
vt 0.292453 0.000000
vt 0.948113 0.000000
vt 0.287736 0.000000
vt 0.952830 0.000000
vt 0.283019 0.000000
vt 0.957547 0.000000
vt 0.278302 0.000000
vt 0.962264 0.000000
vt 0.273585 0.000000
vt 0.966981 0.000000
vt 0.268868 0.000000
vt 0.971698 0.000000
vt 0.264151 0.000000
vt 0.976415 0.000000
vt 0.259434 0.000000
vt 0.981132 0.000000
vt 0.254717 0.000000
vt 0.985849 0.000000
vt 0.250000 0.000000
vt 0.990566 0.000000
vt 0.245283 0.000000
vt 0.995283 0.000000
vt 0.240566 0.000000
vt 1.000000 0.000000
vt 0.235849 0.000000
vt 0.000000 0.000000
vt 0.231132 0.000000
vt 0.226415 0.000000
vt 0.221698 0.000000
vt 0.216981 0.000000
vt 0.212264 0.000000
vt 0.207547 0.000000
vt 0.202830 0.000000
vt 0.198113 0.000000
vt 0.193396 0.000000
vt 0.188679 0.000000
vt 0.183962 0.000000
vt 0.179245 0.000000
vt 0.174528 0.000000
vt 0.061321 0.000000
vt 0.056604 0.000000
vt 0.018868 0.000000
vt 0.004717 0.000000
vt 0.169811 0.000000
vt 0.066038 0.000000
vt 0.051887 0.000000
vt 0.047170 0.000000
vt 0.037736 0.000000
vt 0.042453 0.000000
vt 0.033019 0.000000
vt 0.028302 0.000000
vt 0.023585 0.000000
vt 0.165094 0.000000
vt 0.070755 0.000000
vt 0.014151 0.000000
vt 0.009434 0.000000
vt 0.160377 0.000000
vt 0.075472 0.000000
vt 0.155660 0.000000
vt 0.080189 0.000000
vt 0.150943 0.000000
vt 0.084906 0.000000
vt 0.146226 0.000000
vt 0.089623 0.000000
vt 0.141509 0.000000
vt 0.094340 0.000000
vt 0.136792 0.000000
vt 0.099057 0.000000
vt 0.132075 0.000000
vt 0.103774 0.000000
vt 0.127358 0.000000
vt 0.108491 0.000000
vt 0.122642 0.000000
vt 0.113208 0.000000
vt 0.117925 0.000000
vt 0.000000 1.000000
vt 0.004695 1.000000
vt 0.004695 0.000000
vt 0.009390 1.000000
vt 0.009390 0.000000
vt 0.014085 1.000000
vt 0.014085 0.000000
vt 0.018779 1.000000
vt 0.018779 0.000000
vt 0.023474 1.000000
vt 0.023474 0.000000
vt 0.028169 1.000000
vt 0.028169 0.000000
vt 0.032864 1.000000
vt 0.032864 0.000000
vt 0.037559 1.000000
vt 0.037559 0.000000
vt 0.042254 1.000000
vt 0.042254 0.000000
vt 0.046948 1.000000
vt 0.046948 0.000000
vt 0.051643 1.000000
vt 0.051643 0.000000
vt 0.056338 1.000000
vt 0.056338 0.000000
vt 0.061033 1.000000
vt 0.061033 0.000000
vt 0.065728 1.000000
vt 0.065728 0.000000
vt 0.070423 1.000000
vt 0.070423 0.000000
vt 0.075117 1.000000
vt 0.075117 0.000000
vt 0.079812 1.000000
vt 0.079812 0.000000
vt 0.084507 1.000000
vt 0.084507 0.000000
vt 0.089202 1.000000
vt 0.089202 0.000000
vt 0.093897 1.000000
vt 0.093897 0.000000
vt 0.098592 1.000000
vt 0.098592 0.000000
vt 0.103286 1.000000
vt 0.103286 0.000000
vt 0.107981 1.000000
vt 0.107981 0.000000
vt 0.112676 1.000000
vt 0.112676 0.000000
vt 0.117371 1.000000
vt 0.117371 0.000000
vt 0.122066 1.000000
vt 0.122066 0.000000
vt 0.126761 1.000000
vt 0.126761 0.000000
vt 0.131455 1.000000
vt 0.131455 0.000000
vt 0.136150 1.000000
vt 0.136150 0.000000
vt 0.140845 1.000000
vt 0.140845 0.000000
vt 0.145540 1.000000
vt 0.145540 0.000000
vt 0.150235 1.000000
vt 0.150235 0.000000
vt 0.154930 1.000000
vt 0.154930 0.000000
vt 0.159624 1.000000
vt 0.159624 0.000000
vt 0.164319 1.000000
vt 0.164319 0.000000
vt 0.169014 1.000000
vt 0.169014 0.000000
vt 0.173709 1.000000
vt 0.173709 0.000000
vt 0.178404 1.000000
vt 0.178404 0.000000
vt 0.183099 1.000000
vt 0.183099 0.000000
vt 0.187793 1.000000
vt 0.187793 0.000000
vt 0.192488 1.000000
vt 0.192488 0.000000
vt 0.197183 1.000000
vt 0.197183 0.000000
vt 0.201878 1.000000
vt 0.201878 0.000000
vt 0.206573 1.000000
vt 0.206573 0.000000
vt 0.211268 1.000000
vt 0.211268 0.000000
vt 0.215962 1.000000
vt 0.215962 0.000000
vt 0.220657 1.000000
vt 0.220657 0.000000
vt 0.225352 1.000000
vt 0.225352 0.000000
vt 0.230047 1.000000
vt 0.230047 0.000000
vt 0.234742 1.000000
vt 0.234742 0.000000
vt 0.239437 1.000000
vt 0.239437 0.000000
vt 0.244131 1.000000
vt 0.244131 0.000000
vt 0.248826 1.000000
vt 0.248826 0.000000
vt 0.253521 1.000000
vt 0.253521 0.000000
vt 0.258216 1.000000
vt 0.258216 0.000000
vt 0.262911 1.000000
vt 0.262911 0.000000
vt 0.267606 1.000000
vt 0.267606 0.000000
vt 0.272300 1.000000
vt 0.272300 0.000000
vt 0.276995 1.000000
vt 0.276995 0.000000
vt 0.281690 1.000000
vt 0.281690 0.000000
vt 0.286385 1.000000
vt 0.286385 0.000000
vt 0.291080 1.000000
vt 0.291080 0.000000
vt 0.295775 1.000000
vt 0.295775 0.000000
vt 0.300469 1.000000
vt 0.300469 0.000000
vt 0.305164 1.000000
vt 0.305164 0.000000
vt 0.309859 1.000000
vt 0.309859 0.000000
vt 0.314554 1.000000
vt 0.314554 0.000000
vt 0.319249 1.000000
vt 0.319249 0.000000
vt 0.323944 1.000000
vt 0.323944 0.000000
vt 0.328638 1.000000
vt 0.328638 0.000000
vt 0.333333 1.000000
vt 0.333333 0.000000
vt 0.338028 1.000000
vt 0.338028 0.000000
vt 0.342723 1.000000
vt 0.342723 0.000000
vt 0.347418 1.000000
vt 0.347418 0.000000
vt 0.352113 1.000000
vt 0.352113 0.000000
vt 0.356808 1.000000
vt 0.356808 0.000000
vt 0.361502 1.000000
vt 0.361502 0.000000
vt 0.366197 1.000000
vt 0.366197 0.000000
vt 0.370892 1.000000
vt 0.370892 0.000000
vt 0.375587 1.000000
vt 0.375587 0.000000
vt 0.380282 1.000000
vt 0.380282 0.000000
vt 0.384977 1.000000
vt 0.384977 0.000000
vt 0.389671 1.000000
vt 0.389671 0.000000
vt 0.394366 1.000000
vt 0.394366 0.000000
vt 0.399061 1.000000
vt 0.399061 0.000000
vt 0.403756 1.000000
vt 0.403756 0.000000
vt 0.408451 1.000000
vt 0.408451 0.000000
vt 0.413146 1.000000
vt 0.413146 0.000000
vt 0.417840 1.000000
vt 0.417840 0.000000
vt 0.422535 1.000000
vt 0.422535 0.000000
vt 0.427230 1.000000
vt 0.427230 0.000000
vt 0.431925 1.000000
vt 0.431925 0.000000
vt 0.436620 1.000000
vt 0.436620 0.000000
vt 0.441315 1.000000
vt 0.441315 0.000000
vt 0.446009 1.000000
vt 0.446009 0.000000
vt 0.450704 1.000000
vt 0.450704 0.000000
vt 0.455399 1.000000
vt 0.455399 0.000000
vt 0.460094 1.000000
vt 0.460094 0.000000
vt 0.464789 1.000000
vt 0.464789 0.000000
vt 0.469484 1.000000
vt 0.469484 0.000000
vt 0.474178 1.000000
vt 0.474178 0.000000
vt 0.478873 1.000000
vt 0.478873 0.000000
vt 0.483568 1.000000
vt 0.483568 0.000000
vt 0.488263 1.000000
vt 0.488263 0.000000
vt 0.492958 1.000000
vt 0.492958 0.000000
vt 0.497653 1.000000
vt 0.497653 0.000000
vt 0.502347 1.000000
vt 0.502347 0.000000
vt 0.507042 1.000000
vt 0.507042 0.000000
vt 0.511737 1.000000
vt 0.511737 0.000000
vt 0.516432 1.000000
vt 0.516432 0.000000
vt 0.521127 1.000000
vt 0.521127 0.000000
vt 0.525822 1.000000
vt 0.525822 0.000000
vt 0.530516 1.000000
vt 0.530516 0.000000
vt 0.535211 1.000000
vt 0.535211 0.000000
vt 0.539906 1.000000
vt 0.539906 0.000000
vt 0.544601 1.000000
vt 0.544601 0.000000
vt 0.549296 1.000000
vt 0.549296 0.000000
vt 0.553991 1.000000
vt 0.553991 0.000000
vt 0.558685 1.000000
vt 0.558685 0.000000
vt 0.563380 1.000000
vt 0.563380 0.000000
vt 0.568075 1.000000
vt 0.568075 0.000000
vt 0.572770 1.000000
vt 0.572770 0.000000
vt 0.577465 1.000000
vt 0.577465 0.000000
vt 0.582160 1.000000
vt 0.582160 0.000000
vt 0.586854 1.000000
vt 0.586854 0.000000
vt 0.591549 1.000000
vt 0.591549 0.000000
vt 0.596244 1.000000
vt 0.596244 0.000000
vt 0.600939 1.000000
vt 0.600939 0.000000
vt 0.605634 1.000000
vt 0.605634 0.000000
vt 0.610329 1.000000
vt 0.610329 0.000000
vt 0.615023 1.000000
vt 0.615023 0.000000
vt 0.619718 1.000000
vt 0.619718 0.000000
vt 0.624413 1.000000
vt 0.624413 0.000000
vt 0.629108 1.000000
vt 0.629108 0.000000
vt 0.633803 1.000000
vt 0.633803 0.000000
vt 0.638498 1.000000
vt 0.638498 0.000000
vt 0.643192 1.000000
vt 0.643192 0.000000
vt 0.647887 1.000000
vt 0.647887 0.000000
vt 0.652582 1.000000
vt 0.652582 0.000000
vt 0.657277 1.000000
vt 0.657277 0.000000
vt 0.661972 1.000000
vt 0.661972 0.000000
vt 0.666667 1.000000
vt 0.666667 0.000000
vt 0.671362 1.000000
vt 0.671362 0.000000
vt 0.676056 1.000000
vt 0.676056 0.000000
vt 0.680751 1.000000
vt 0.680751 0.000000
vt 0.685446 1.000000
vt 0.685446 0.000000
vt 0.690141 1.000000
vt 0.690141 0.000000
vt 0.694836 1.000000
vt 0.694836 0.000000
vt 0.699531 1.000000
vt 0.699531 0.000000
vt 0.704225 1.000000
vt 0.704225 0.000000
vt 0.708920 1.000000
vt 0.708920 0.000000
vt 0.713615 1.000000
vt 0.713615 0.000000
vt 0.718310 1.000000
vt 0.718310 0.000000
vt 0.723005 1.000000
vt 0.723005 0.000000
vt 0.727700 1.000000
vt 0.727700 0.000000
vt 0.732394 1.000000
vt 0.732394 0.000000
vt 0.737089 1.000000
vt 0.737089 0.000000
vt 0.741784 1.000000
vt 0.741784 0.000000
vt 0.746479 1.000000
vt 0.746479 0.000000
vt 0.751174 1.000000
vt 0.751174 0.000000
vt 0.755869 1.000000
vt 0.755869 0.000000
vt 0.760563 1.000000
vt 0.760563 0.000000
vt 0.765258 1.000000
vt 0.765258 0.000000
vt 0.769953 1.000000
vt 0.769953 0.000000
vt 0.774648 1.000000
vt 0.774648 0.000000
vt 0.779343 1.000000
vt 0.779343 0.000000
vt 0.784038 1.000000
vt 0.784038 0.000000
vt 0.788732 1.000000
vt 0.788732 0.000000
vt 0.793427 1.000000
vt 0.793427 0.000000
vt 0.798122 1.000000
vt 0.798122 0.000000
vt 0.802817 1.000000
vt 0.802817 0.000000
vt 0.807512 1.000000
vt 0.807512 0.000000
vt 0.812207 1.000000
vt 0.812207 0.000000
vt 0.816901 1.000000
vt 0.816901 0.000000
vt 0.821596 1.000000
vt 0.821596 0.000000
vt 0.826291 1.000000
vt 0.826291 0.000000
vt 0.830986 1.000000
vt 0.830986 0.000000
vt 0.835681 1.000000
vt 0.835681 0.000000
vt 0.840376 1.000000
vt 0.840376 0.000000
vt 0.845070 1.000000
vt 0.845070 0.000000
vt 0.849765 1.000000
vt 0.849765 0.000000
vt 0.854460 1.000000
vt 0.854460 0.000000
vt 0.859155 1.000000
vt 0.859155 0.000000
vt 0.863850 1.000000
vt 0.863850 0.000000
vt 0.868545 1.000000
vt 0.868545 0.000000
vt 0.873239 1.000000
vt 0.873239 0.000000
vt 0.877934 1.000000
vt 0.877934 0.000000
vt 0.882629 1.000000
vt 0.882629 0.000000
vt 0.887324 1.000000
vt 0.887324 0.000000
vt 0.892019 1.000000
vt 0.892019 0.000000
vt 0.896714 1.000000
vt 0.896714 0.000000
vt 0.901408 1.000000
vt 0.901408 0.000000
vt 0.906103 1.000000
vt 0.906103 0.000000
vt 0.910798 1.000000
vt 0.910798 0.000000
vt 0.915493 1.000000
vt 0.915493 0.000000
vt 0.920188 1.000000
vt 0.920188 0.000000
vt 0.924883 1.000000
vt 0.924883 0.000000
vt 0.929577 1.000000
vt 0.929577 0.000000
vt 0.934272 1.000000
vt 0.934272 0.000000
vt 0.938967 1.000000
vt 0.938967 0.000000
vt 0.943662 1.000000
vt 0.943662 0.000000
vt 0.948357 1.000000
vt 0.948357 0.000000
vt 0.953052 1.000000
vt 0.953052 0.000000
vt 0.957747 1.000000
vt 0.957747 0.000000
vt 0.962441 1.000000
vt 0.962441 0.000000
vt 0.967136 1.000000
vt 0.967136 0.000000
vt 0.971831 1.000000
vt 0.971831 0.000000
vt 0.976526 1.000000
vt 0.976526 0.000000
vt 0.981221 1.000000
vt 0.981221 0.000000
vt 0.985915 1.000000
vt 0.985915 0.000000
vt 0.990610 1.000000
vt 0.990610 0.000000
vt 0.995305 1.000000
vt 0.995305 0.000000
vt 1.000000 1.000000
s 0
usemtl SVGMat.002
f 883/869/655 885/870/655 884/871/655
f 931/872/655 933/873/655 932/874/655
f 883/869/655 886/875/655 885/870/655
f 930/876/655 933/873/655 931/872/655
f 930/876/655 934/877/655 933/873/655
f 882/878/655 886/875/655 883/869/655
f 882/878/655 887/879/655 886/875/655
f 929/880/655 934/877/655 930/876/655
f 882/878/655 888/881/655 887/879/655
f 928/882/655 934/877/655 929/880/655
f 928/882/655 935/883/655 934/877/655
f 881/884/655 888/881/655 882/878/655
f 881/884/655 889/885/655 888/881/655
f 927/886/655 935/883/655 928/882/655
f 881/884/655 890/887/655 889/885/655
f 926/888/655 935/883/655 927/886/655
f 926/888/655 936/889/655 935/883/655
f 880/890/655 890/887/655 881/884/655
f 880/890/655 891/891/655 890/887/655
f 925/892/655 936/889/655 926/888/655
f 880/890/655 892/893/655 891/891/655
f 924/894/655 936/889/655 925/892/655
f 924/894/655 937/895/655 936/889/655
f 879/896/655 892/893/655 880/890/655
f 879/896/655 893/897/655 892/893/655
f 923/898/655 937/895/655 924/894/655
f 879/896/655 894/899/655 893/897/655
f 923/898/655 938/900/655 937/895/655
f 878/901/655 894/899/655 879/896/655
f 922/902/655 938/900/655 923/898/655
f 878/901/655 895/903/655 894/899/655
f 921/904/655 938/900/655 922/902/655
f 907/905/655 909/906/655 908/907/655
f 906/908/655 909/906/655 907/905/655
f 906/908/655 910/909/655 909/906/655
f 905/910/655 910/909/655 906/908/655
f 905/910/655 911/911/655 910/909/655
f 904/912/655 911/911/655 905/910/655
f 904/912/655 912/913/655 911/911/655
f 903/914/655 912/913/655 904/912/655
f 903/914/655 913/915/655 912/913/655
f 902/916/655 913/915/655 903/914/655
f 902/916/655 914/917/655 913/915/655
f 901/918/655 914/917/655 902/916/655
f 901/918/655 915/919/655 914/917/655
f 900/920/655 915/919/655 901/918/655
f 900/920/655 916/921/655 915/919/655
f 921/904/655 939/922/655 938/900/655
f 877/923/655 895/903/655 878/901/655
f 899/924/655 916/921/655 900/920/655
f 899/924/655 917/925/655 916/921/655
f 877/923/655 896/926/655 895/903/655
f 920/927/655 939/922/655 921/904/655
f 898/928/655 917/925/655 899/924/655
f 898/928/655 918/929/655 917/925/655
f 897/930/655 918/929/655 898/928/655
f 897/930/655 919/931/655 918/929/655
f 896/926/655 919/931/655 897/930/655
f 896/926/655 920/927/655 919/931/655
f 877/923/655 920/927/655 896/926/655
f 877/923/655 939/922/655 920/927/655
f 877/923/655 940/932/655 939/922/655
f 876/933/655 940/932/655 877/923/655
f 876/933/655 941/934/655 940/932/655
f 875/935/655 941/934/655 876/933/655
f 875/935/655 942/936/655 941/934/655
f 874/937/655 942/936/655 875/935/655
f 874/937/655 943/938/655 942/936/655
f 873/939/655 943/938/655 874/937/655
f 873/939/655 944/940/655 943/938/655
f 872/941/655 944/940/655 873/939/655
f 872/941/655 945/942/655 944/940/655
f 871/943/655 945/942/655 872/941/655
f 871/943/655 946/944/655 945/942/655
f 870/945/655 946/944/655 871/943/655
f 870/945/655 947/946/655 946/944/655
f 869/947/655 947/946/655 870/945/655
f 869/947/655 948/948/655 947/946/655
f 868/949/655 948/948/655 869/947/655
f 868/949/655 949/950/655 948/948/655
f 867/951/655 949/950/655 868/949/655
f 867/951/655 950/952/655 949/950/655
f 866/953/655 950/952/655 867/951/655
f 866/953/655 951/954/655 950/952/655
f 865/955/655 951/954/655 866/953/655
f 865/955/655 952/956/655 951/954/655
f 864/957/655 952/956/655 865/955/655
f 864/957/655 953/958/655 952/956/655
f 863/959/655 953/958/655 864/957/655
f 863/959/655 954/960/655 953/958/655
f 862/961/655 954/960/655 863/959/655
f 862/961/655 955/962/655 954/960/655
f 861/963/655 955/962/655 862/961/655
f 861/963/655 956/964/655 955/962/655
f 860/965/655 956/964/655 861/963/655
f 968/966/655 970/967/655 969/968/655
f 835/969/655 837/970/655 836/971/655
f 835/969/655 838/972/655 837/970/655
f 835/969/655 839/973/655 838/972/655
f 835/969/655 840/974/655 839/973/655
f 835/969/655 841/975/655 840/974/655
f 835/969/655 842/976/655 841/975/655
f 835/969/655 843/977/655 842/976/655
f 835/969/655 844/978/655 843/977/655
f 835/969/655 845/979/655 844/978/655
f 860/965/655 957/980/655 956/964/655
f 859/981/655 957/980/655 860/965/655
f 835/969/655 846/982/655 845/979/655
f 859/981/655 958/983/655 957/980/655
f 858/984/655 958/983/655 859/981/655
f 858/984/655 959/985/655 958/983/655
f 857/986/655 959/985/655 858/984/655
f 857/986/655 960/987/655 959/985/655
f 856/988/655 960/987/655 857/986/655
f 856/988/655 961/989/655 960/987/655
f 855/990/655 961/989/655 856/988/655
f 855/990/655 962/991/655 961/989/655
f 854/992/655 962/991/655 855/990/655
f 854/992/655 963/993/655 962/991/655
f 853/994/655 963/993/655 854/992/655
f 835/969/655 847/995/655 846/982/655
f 853/994/655 964/996/655 963/993/655
f 852/997/655 964/996/655 853/994/655
f 852/997/655 965/998/655 964/996/655
f 851/999/655 965/998/655 852/997/655
f 851/999/655 966/1000/655 965/998/655
f 850/1001/655 966/1000/655 851/999/655
f 850/1001/655 967/1002/655 966/1000/655
f 849/1003/655 967/1002/655 850/1001/655
f 835/969/655 848/1004/655 847/995/655
f 849/1003/655 968/966/655 967/1002/655
f 848/1004/655 968/966/655 849/1003/655
f 848/1004/655 970/967/655 968/966/655
f 835/969/655 970/967/655 848/1004/655
f 834/1005/655 970/967/655 835/969/655
f 834/1005/655 971/1006/655 970/967/655
f 833/1007/655 971/1006/655 834/1005/655
f 833/1007/655 972/1008/655 971/1006/655
f 832/1009/655 972/1008/655 833/1007/655
f 832/1009/655 973/1010/655 972/1008/655
f 831/1011/655 973/1010/655 832/1009/655
f 831/1011/655 974/1012/655 973/1010/655
f 830/1013/655 974/1012/655 831/1011/655
f 830/1013/655 975/1014/655 974/1012/655
f 829/1015/655 975/1014/655 830/1013/655
f 829/1015/655 976/1016/655 975/1014/655
f 828/1017/655 976/1016/655 829/1015/655
f 828/1017/655 977/1018/655 976/1016/655
f 827/1019/655 977/1018/655 828/1017/655
f 827/1019/655 978/1020/655 977/1018/655
f 826/1021/655 978/1020/655 827/1019/655
f 826/1021/655 979/1022/655 978/1020/655
f 825/1023/655 979/1022/655 826/1021/655
f 825/1023/655 980/1024/655 979/1022/655
f 824/1025/655 980/1024/655 825/1023/655
f 824/1025/655 981/1026/655 980/1024/655
f 823/1027/655 981/1026/655 824/1025/655
f 823/1027/655 982/1028/655 981/1026/655
f 822/1029/655 982/1028/655 823/1027/655
f 822/1029/655 983/1030/655 982/1028/655
f 821/1031/655 983/1030/655 822/1029/655
f 821/1031/655 771/1032/655 983/1030/655
f 820/1033/655 771/1032/655 821/1031/655
f 819/1034/655 771/1032/655 820/1033/655
f 818/1035/655 771/1032/655 819/1034/655
f 817/1036/655 771/1032/655 818/1035/655
f 816/1037/655 771/1032/655 817/1036/655
f 815/1038/655 771/1032/655 816/1037/655
f 814/1039/655 771/1032/655 815/1038/655
f 813/1040/655 771/1032/655 814/1039/655
f 812/1041/655 771/1032/655 813/1040/655
f 811/1042/655 771/1032/655 812/1041/655
f 810/1043/655 771/1032/655 811/1042/655
f 809/1044/655 808/1045/655 810/1043/655
f 808/1045/655 771/1032/655 810/1043/655
f 808/1045/655 784/1046/655 771/1032/655
f 784/1046/655 783/1047/655 771/1032/655
f 783/1047/655 775/1048/655 771/1032/655
f 775/1048/655 772/1049/655 771/1032/655
f 807/1050/655 784/1046/655 808/1045/655
f 807/1050/655 785/1051/655 784/1046/655
f 782/1052/655 775/1048/655 783/1047/655
f 781/1053/656 779/1054/656 782/1052/656
f 779/1054/655 780/1055/655 782/1052/655
f 780/1055/656 775/1048/656 782/1052/656
f 779/1054/656 780/1055/656 781/1053/656
f 779/1054/655 775/1048/655 780/1055/655
f 778/1056/656 775/1048/656 779/1054/656
f 777/1057/655 775/1048/655 778/1056/655
f 776/1058/655 775/1048/655 777/1057/655
f 806/1059/655 785/1051/655 807/1050/655
f 806/1059/655 786/1060/655 785/1051/655
f 774/1061/655 772/1049/655 775/1048/655
f 773/1062/655 772/1049/655 774/1061/655
f 805/1063/655 786/1060/655 806/1059/655
f 805/1063/655 787/1064/655 786/1060/655
f 804/1065/655 787/1064/655 805/1063/655
f 804/1065/655 788/1066/655 787/1064/655
f 803/1067/655 788/1066/655 804/1065/655
f 803/1067/655 789/1068/655 788/1066/655
f 802/1069/655 789/1068/655 803/1067/655
f 802/1069/655 790/1070/655 789/1068/655
f 801/1071/655 790/1070/655 802/1069/655
f 801/1071/655 791/1072/655 790/1070/655
f 800/1073/655 791/1072/655 801/1071/655
f 800/1073/655 792/1074/655 791/1072/655
f 799/1075/655 792/1074/655 800/1073/655
f 799/1075/655 793/1076/655 792/1074/655
f 798/1077/655 793/1076/655 799/1075/655
f 798/1077/655 794/1078/655 793/1076/655
f 797/1079/655 794/1078/655 798/1077/655
f 797/1079/655 795/1080/655 794/1078/655
f 796/1081/655 795/1080/655 797/1079/655
f 1096/869/656 1097/871/656 1098/870/656
f 1144/872/656 1145/874/656 1146/873/656
f 1096/869/656 1098/870/656 1099/875/656
f 1143/876/656 1144/872/656 1146/873/656
f 1143/876/656 1146/873/656 1147/877/656
f 1095/878/656 1096/869/656 1099/875/656
f 1095/878/656 1099/875/656 1100/879/656
f 1142/880/656 1143/876/656 1147/877/656
f 1095/878/656 1100/879/656 1101/881/656
f 1141/882/656 1142/880/656 1147/877/656
f 1141/882/656 1147/877/656 1148/883/656
f 1094/884/656 1095/878/656 1101/881/656
f 1094/884/656 1101/881/656 1102/885/656
f 1140/886/656 1141/882/656 1148/883/656
f 1094/884/656 1102/885/656 1103/887/656
f 1139/888/656 1140/886/656 1148/883/656
f 1139/888/656 1148/883/656 1149/889/656
f 1093/890/656 1094/884/656 1103/887/656
f 1093/890/656 1103/887/656 1104/891/656
f 1138/892/656 1139/888/656 1149/889/656
f 1093/890/656 1104/891/656 1105/893/656
f 1137/894/656 1138/892/656 1149/889/656
f 1137/894/656 1149/889/656 1150/895/656
f 1092/896/656 1093/890/656 1105/893/656
f 1092/896/656 1105/893/656 1106/897/656
f 1136/898/656 1137/894/656 1150/895/656
f 1092/896/656 1106/897/656 1107/899/656
f 1136/898/656 1150/895/656 1151/900/656
f 1091/901/656 1092/896/656 1107/899/656
f 1135/902/656 1136/898/656 1151/900/656
f 1091/901/656 1107/899/656 1108/903/656
f 1134/904/656 1135/902/656 1151/900/656
f 1120/905/656 1121/907/656 1122/906/656
f 1119/908/656 1120/905/656 1122/906/656
f 1119/908/656 1122/906/656 1123/909/656
f 1118/910/656 1119/908/656 1123/909/656
f 1118/910/656 1123/909/656 1124/911/656
f 1117/912/656 1118/910/656 1124/911/656
f 1117/912/656 1124/911/656 1125/913/656
f 1116/914/656 1117/912/656 1125/913/656
f 1116/914/656 1125/913/656 1126/915/656
f 1115/916/656 1116/914/656 1126/915/656
f 1115/916/656 1126/915/656 1127/917/656
f 1114/918/656 1115/916/656 1127/917/656
f 1114/918/656 1127/917/656 1128/919/656
f 1113/920/656 1114/918/656 1128/919/656
f 1113/920/656 1128/919/656 1129/921/656
f 1134/904/656 1151/900/656 1152/922/656
f 1090/923/656 1091/901/656 1108/903/656
f 1112/924/656 1113/920/656 1129/921/656
f 1112/924/656 1129/921/656 1130/925/656
f 1090/923/656 1108/903/656 1109/926/656
f 1133/927/656 1134/904/656 1152/922/656
f 1111/928/656 1112/924/656 1130/925/656
f 1111/928/656 1130/925/656 1131/929/656
f 1110/930/656 1111/928/656 1131/929/656
f 1110/930/656 1131/929/656 1132/931/656
f 1109/926/656 1110/930/656 1132/931/656
f 1109/926/656 1132/931/656 1133/927/656
f 1090/923/656 1109/926/656 1133/927/656
f 1090/923/656 1133/927/656 1152/922/656
f 1090/923/656 1152/922/656 1153/932/656
f 1089/933/656 1090/923/656 1153/932/656
f 1089/933/656 1153/932/656 1154/934/656
f 1088/935/656 1089/933/656 1154/934/656
f 1088/935/656 1154/934/656 1155/936/656
f 1087/937/656 1088/935/656 1155/936/656
f 1087/937/656 1155/936/656 1156/938/656
f 1086/939/656 1087/937/656 1156/938/656
f 1086/939/656 1156/938/656 1157/940/656
f 1085/941/656 1086/939/656 1157/940/656
f 1085/941/656 1157/940/656 1158/942/656
f 1084/943/656 1085/941/656 1158/942/656
f 1084/943/656 1158/942/656 1159/944/656
f 1083/945/656 1084/943/656 1159/944/656
f 1083/945/656 1159/944/656 1160/946/656
f 1082/947/656 1083/945/656 1160/946/656
f 1082/947/656 1160/946/656 1161/948/656
f 1081/949/656 1082/947/656 1161/948/656
f 1081/949/656 1161/948/656 1162/950/656
f 1080/951/656 1081/949/656 1162/950/656
f 1080/951/656 1162/950/656 1163/952/656
f 1079/953/656 1080/951/656 1163/952/656
f 1079/953/656 1163/952/656 1164/954/656
f 1078/955/656 1079/953/656 1164/954/656
f 1078/955/656 1164/954/656 1165/956/656
f 1077/957/656 1078/955/656 1165/956/656
f 1077/957/656 1165/956/656 1166/958/656
f 1076/959/656 1077/957/656 1166/958/656
f 1076/959/656 1166/958/656 1167/960/656
f 1075/961/656 1076/959/656 1167/960/656
f 1075/961/656 1167/960/656 1168/962/656
f 1074/963/656 1075/961/656 1168/962/656
f 1074/963/656 1168/962/656 1169/964/656
f 1073/965/656 1074/963/656 1169/964/656
f 1181/966/656 1182/968/656 1183/967/656
f 1048/969/656 1049/971/656 1050/970/656
f 1048/969/656 1050/970/656 1051/972/656
f 1048/969/656 1051/972/656 1052/973/656
f 1048/969/656 1052/973/656 1053/974/656
f 1048/969/656 1053/974/656 1054/975/656
f 1048/969/656 1054/975/656 1055/976/656
f 1048/969/656 1055/976/656 1056/977/656
f 1048/969/656 1056/977/656 1057/978/656
f 1048/969/656 1057/978/656 1058/979/656
f 1073/965/656 1169/964/656 1170/980/656
f 1072/981/656 1073/965/656 1170/980/656
f 1048/969/656 1058/979/656 1059/982/656
f 1072/981/656 1170/980/656 1171/983/656
f 1071/984/656 1072/981/656 1171/983/656
f 1071/984/656 1171/983/656 1172/985/656
f 1070/986/656 1071/984/656 1172/985/656
f 1070/986/656 1172/985/656 1173/987/656
f 1069/988/656 1070/986/656 1173/987/656
f 1069/988/656 1173/987/656 1174/989/656
f 1068/990/656 1069/988/656 1174/989/656
f 1068/990/656 1174/989/656 1175/991/656
f 1067/992/656 1068/990/656 1175/991/656
f 1067/992/656 1175/991/656 1176/993/656
f 1066/994/656 1067/992/656 1176/993/656
f 1048/969/656 1059/982/656 1060/995/656
f 1066/994/656 1176/993/656 1177/996/656
f 1065/997/656 1066/994/656 1177/996/656
f 1065/997/656 1177/996/656 1178/998/656
f 1064/999/656 1065/997/656 1178/998/656
f 1064/999/656 1178/998/656 1179/1000/656
f 1063/1001/656 1064/999/656 1179/1000/656
f 1063/1001/656 1179/1000/656 1180/1002/656
f 1062/1003/656 1063/1001/656 1180/1002/656
f 1048/969/656 1060/995/656 1061/1004/656
f 1062/1003/656 1180/1002/656 1181/966/656
f 1061/1004/656 1062/1003/656 1181/966/656
f 1061/1004/656 1181/966/656 1183/967/656
f 1048/969/656 1061/1004/656 1183/967/656
f 1047/1005/656 1048/969/656 1183/967/656
f 1047/1005/656 1183/967/656 1184/1006/656
f 1046/1007/656 1047/1005/656 1184/1006/656
f 1046/1007/656 1184/1006/656 1185/1008/656
f 1045/1009/656 1046/1007/656 1185/1008/656
f 1045/1009/656 1185/1008/656 1186/1010/656
f 1044/1011/656 1045/1009/656 1186/1010/656
f 1044/1011/656 1186/1010/656 1187/1012/656
f 1043/1013/656 1044/1011/656 1187/1012/656
f 1043/1013/656 1187/1012/656 1188/1014/656
f 1042/1015/656 1043/1013/656 1188/1014/656
f 1042/1015/656 1188/1014/656 1189/1016/656
f 1041/1017/656 1042/1015/656 1189/1016/656
f 1041/1017/656 1189/1016/656 1190/1018/656
f 1040/1019/656 1041/1017/656 1190/1018/656
f 1040/1019/656 1190/1018/656 1191/1020/656
f 1039/1021/656 1040/1019/656 1191/1020/656
f 1039/1021/656 1191/1020/656 1192/1022/656
f 1038/1023/656 1039/1021/656 1192/1022/656
f 1038/1023/656 1192/1022/656 1193/1024/656
f 1037/1025/656 1038/1023/656 1193/1024/656
f 1037/1025/656 1193/1024/656 1194/1026/656
f 1036/1027/656 1037/1025/656 1194/1026/656
f 1036/1027/656 1194/1026/656 1195/1028/656
f 1035/1029/656 1036/1027/656 1195/1028/656
f 1035/1029/656 1195/1028/656 1196/1030/656
f 1034/1031/656 1035/1029/656 1196/1030/656
f 1034/1031/656 1196/1030/656 984/1032/656
f 1033/1033/656 1034/1031/656 984/1032/656
f 1032/1034/656 1033/1033/656 984/1032/656
f 1031/1035/656 1032/1034/656 984/1032/656
f 1030/1036/656 1031/1035/656 984/1032/656
f 1029/1037/656 1030/1036/656 984/1032/656
f 1028/1038/656 1029/1037/656 984/1032/656
f 1027/1039/656 1028/1038/656 984/1032/656
f 1026/1040/656 1027/1039/656 984/1032/656
f 1025/1041/656 1026/1040/656 984/1032/656
f 1024/1042/656 1025/1041/656 984/1032/656
f 1023/1043/656 1024/1042/656 984/1032/656
f 1022/1044/656 1023/1043/656 1021/1045/656
f 1021/1045/656 1023/1043/656 984/1032/656
f 1021/1045/656 984/1032/656 997/1046/656
f 997/1046/656 984/1032/656 996/1047/656
f 996/1047/656 984/1032/656 988/1048/656
f 988/1048/656 984/1032/656 985/1049/656
f 1020/1050/656 1021/1045/656 997/1046/656
f 1020/1050/656 997/1046/656 998/1051/656
f 995/1052/655 996/1047/655 988/1048/655
f 994/1053/655 995/1052/655 992/1054/655
f 992/1054/656 995/1052/656 993/1055/656
f 993/1055/655 995/1052/655 988/1048/655
f 992/1054/655 994/1053/655 993/1055/655
f 992/1054/656 993/1055/656 988/1048/656
f 991/1056/655 992/1054/655 988/1048/655
f 990/1057/655 991/1056/655 988/1048/655
f 989/1058/655 990/1057/655 988/1048/655
f 1019/1059/656 1020/1050/656 998/1051/656
f 1019/1059/656 998/1051/656 999/1060/656
f 987/1061/655 988/1048/655 985/1049/655
f 986/1062/657 987/1061/657 985/1049/657
f 1018/1063/656 1019/1059/656 999/1060/656
f 1018/1063/656 999/1060/656 1000/1064/656
f 1017/1065/656 1018/1063/656 1000/1064/656
f 1017/1065/656 1000/1064/656 1001/1066/656
f 1016/1067/656 1017/1065/656 1001/1066/656
f 1016/1067/656 1001/1066/656 1002/1068/656
f 1015/1069/656 1016/1067/656 1002/1068/656
f 1015/1069/656 1002/1068/656 1003/1070/656
f 1014/1071/656 1015/1069/656 1003/1070/656
f 1014/1071/656 1003/1070/656 1004/1072/656
f 1013/1073/656 1014/1071/656 1004/1072/656
f 1013/1073/656 1004/1072/656 1005/1074/656
f 1012/1075/656 1013/1073/656 1005/1074/656
f 1012/1075/656 1005/1074/656 1006/1076/656
f 1011/1077/656 1012/1075/656 1006/1076/656
f 1011/1077/656 1006/1076/656 1007/1078/656
f 1010/1079/656 1011/1077/656 1007/1078/656
f 1010/1079/656 1007/1078/656 1008/1080/656
f 1009/1081/656 1010/1079/656 1008/1080/656
s 1
f 1198/1082/658 1200/1083/659 1199/1084/659 1197/1032/658
f 1200/1083/659 1202/1085/660 1201/1086/660 1199/1084/659
f 1202/1085/660 1204/1087/660 1203/1088/660 1201/1086/660
f 1204/1087/660 1206/1089/660 1205/1090/660 1203/1088/660
f 1206/1089/660 1208/1091/660 1207/1092/660 1205/1090/660
f 1208/1091/660 1210/1093/660 1209/1094/660 1207/1092/660
f 1210/1093/660 1212/1095/660 1211/1096/660 1209/1094/660
f 1212/1095/660 1214/1097/660 1213/1098/660 1211/1096/660
f 1214/1097/660 1216/1099/660 1215/1100/660 1213/1098/660
f 1216/1099/660 1218/1101/660 1217/1102/660 1215/1100/660
f 1218/1101/660 1220/1103/660 1219/1104/660 1217/1102/660
f 1220/1103/660 1222/1105/660 1221/1106/660 1219/1104/660
f 1222/1105/660 1224/1107/661 1223/1108/661 1221/1106/660
f 1224/1107/661 1226/1109/662 1225/1110/662 1223/1108/661
f 1226/1109/662 1228/1111/663 1227/1112/663 1225/1110/662
f 1228/1111/663 1230/1113/664 1229/1114/664 1227/1112/663
f 1230/1113/664 1232/1115/665 1231/1116/665 1229/1114/664
f 1232/1115/665 1234/1117/666 1233/1118/666 1231/1116/665
f 1234/1117/666 1236/1119/667 1235/1120/667 1233/1118/666
f 1236/1119/667 1238/1121/668 1237/1122/668 1235/1120/667
f 1238/1121/668 1240/1123/669 1239/1124/669 1237/1122/668
f 1240/1123/669 1242/1125/670 1241/1126/670 1239/1124/669
f 1242/1125/670 1244/1127/671 1243/1128/671 1241/1126/670
f 1244/1127/671 1246/1129/672 1245/1130/672 1243/1128/671
f 1246/1129/672 1248/1131/673 1247/1132/673 1245/1130/672
f 1248/1131/673 1250/1133/674 1249/1134/674 1247/1132/673
f 1250/1133/674 1252/1135/675 1251/1136/675 1249/1134/674
f 1252/1135/675 1254/1137/676 1253/1138/676 1251/1136/675
f 1254/1137/676 1256/1139/677 1255/1140/677 1253/1138/676
f 1256/1139/677 1258/1141/678 1257/1142/678 1255/1140/677
f 1258/1141/678 1260/1143/679 1259/1144/679 1257/1142/678
f 1260/1143/679 1262/1145/680 1261/1146/680 1259/1144/679
f 1262/1145/680 1264/1147/681 1263/1148/681 1261/1146/680
f 1264/1147/681 1266/1149/682 1265/1150/682 1263/1148/681
f 1266/1149/682 1268/1151/683 1267/1152/683 1265/1150/682
f 1268/1151/683 1270/1153/684 1269/1154/684 1267/1152/683
f 1270/1153/684 1272/1155/677 1271/1156/677 1269/1154/684
f 1272/1155/677 1274/1157/685 1273/1158/685 1271/1156/677
f 1274/1157/685 1276/1159/686 1275/1160/686 1273/1158/685
f 1276/1159/686 1278/1161/687 1277/1162/687 1275/1160/686
f 1278/1161/687 1280/1163/688 1279/1164/688 1277/1162/687
f 1280/1163/688 1282/1165/688 1281/1166/688 1279/1164/688
f 1282/1165/688 1284/1167/688 1283/1168/688 1281/1166/688
f 1284/1167/688 1286/1169/687 1285/1170/687 1283/1168/688
f 1286/1169/687 1288/1171/688 1287/1172/688 1285/1170/687
f 1288/1171/688 1290/1173/688 1289/1174/688 1287/1172/688
f 1290/1173/688 1292/1175/688 1291/1176/688 1289/1174/688
f 1292/1175/688 1294/1177/688 1293/1178/688 1291/1176/688
f 1294/1177/688 1296/1179/688 1295/1180/688 1293/1178/688
f 1296/1179/688 1298/1181/687 1297/1182/687 1295/1180/688
f 1298/1181/687 1300/1183/689 1299/1184/689 1297/1182/687
f 1300/1183/689 1302/1185/690 1301/1186/690 1299/1184/689
f 1302/1185/690 1304/1187/691 1303/1188/691 1301/1186/690
f 1304/1187/691 1306/1189/692 1305/1190/692 1303/1188/691
f 1306/1189/692 1308/1191/693 1307/1192/693 1305/1190/692
f 1308/1191/693 1310/1193/694 1309/1194/694 1307/1192/693
f 1310/1193/694 1312/1195/695 1311/1196/695 1309/1194/694
f 1312/1195/695 1314/1197/696 1313/1198/696 1311/1196/695
f 1314/1197/696 1316/1199/697 1315/1200/697 1313/1198/696
f 1316/1199/697 1318/1201/698 1317/1202/698 1315/1200/697
f 1318/1201/698 1320/1203/699 1319/1204/699 1317/1202/698
f 1320/1203/699 1322/1205/700 1321/1206/700 1319/1204/699
f 1322/1205/700 1324/1207/701 1323/1208/701 1321/1206/700
f 1324/1207/701 1326/1209/702 1325/1210/702 1323/1208/701
f 1326/1209/702 1328/1211/703 1327/1212/703 1325/1210/702
f 1328/1211/703 1330/1213/704 1329/1214/704 1327/1212/703
f 1330/1213/704 1332/1215/704 1331/1216/704 1329/1214/704
f 1332/1215/704 1334/1217/704 1333/1218/704 1331/1216/704
f 1334/1217/704 1336/1219/704 1335/1220/704 1333/1218/704
f 1336/1219/704 1338/1221/704 1337/1222/704 1335/1220/704
f 1338/1221/704 1340/1223/704 1339/1224/704 1337/1222/704
f 1340/1223/704 1342/1225/704 1341/1226/704 1339/1224/704
f 1342/1225/704 1344/1227/704 1343/1228/704 1341/1226/704
f 1344/1227/704 1346/1229/704 1345/1230/704 1343/1228/704
f 1346/1229/704 1348/1231/704 1347/1232/704 1345/1230/704
f 1348/1231/704 1350/1233/704 1349/1234/704 1347/1232/704
f 1350/1233/704 1352/1235/705 1351/1236/705 1349/1234/704
f 1352/1235/705 1354/1237/706 1353/1238/706 1351/1236/705
f 1354/1237/706 1356/1239/707 1355/1240/707 1353/1238/706
f 1356/1239/707 1358/1241/708 1357/1242/708 1355/1240/707
f 1358/1241/708 1360/1243/709 1359/1244/709 1357/1242/708
f 1360/1243/709 1362/1245/710 1361/1246/710 1359/1244/709
f 1362/1245/710 1364/1247/711 1363/1248/711 1361/1246/710
f 1364/1247/711 1366/1249/710 1365/1250/710 1363/1248/711
f 1366/1249/710 1368/1251/709 1367/1252/709 1365/1250/710
f 1368/1251/709 1370/1253/712 1369/1254/712 1367/1252/709
f 1370/1253/712 1372/1255/707 1371/1256/707 1369/1254/712
f 1372/1255/707 1374/1257/706 1373/1258/706 1371/1256/707
f 1374/1257/706 1376/1259/713 1375/1260/713 1373/1258/706
f 1376/1259/713 1378/1261/714 1377/1262/714 1375/1260/713
f 1378/1261/714 1380/1263/715 1379/1264/715 1377/1262/714
f 1380/1263/715 1382/1265/716 1381/1266/716 1379/1264/715
f 1382/1265/716 1384/1267/717 1383/1268/717 1381/1266/716
f 1384/1267/717 1386/1269/718 1385/1270/718 1383/1268/717
f 1386/1269/718 1388/1271/719 1387/1272/719 1385/1270/718
f 1388/1271/719 1390/1273/720 1389/1274/720 1387/1272/719
f 1390/1273/720 1392/1275/721 1391/1276/721 1389/1274/720
f 1392/1275/721 1394/1277/722 1393/1278/722 1391/1276/721
f 1394/1277/722 1396/1279/723 1395/1280/723 1393/1278/722
f 1396/1279/723 1398/1281/724 1397/1282/724 1395/1280/723
f 1398/1281/724 1400/1283/725 1399/1284/725 1397/1282/724
f 1400/1283/725 1402/1285/726 1401/1286/726 1399/1284/725
f 1402/1285/726 1404/1287/727 1403/1288/727 1401/1286/726
f 1404/1287/727 1406/1289/728 1405/1290/728 1403/1288/727
f 1406/1289/728 1408/1291/729 1407/1292/729 1405/1290/728
f 1408/1291/729 1410/1293/730 1409/1294/730 1407/1292/729
f 1410/1293/730 1412/1295/731 1411/1296/731 1409/1294/730
f 1412/1295/731 1414/1297/732 1413/1298/732 1411/1296/731
f 1414/1297/732 1416/1299/733 1415/1300/733 1413/1298/732
f 1416/1299/733 1418/1301/734 1417/1302/734 1415/1300/733
f 1418/1301/734 1420/1303/735 1419/1304/735 1417/1302/734
f 1420/1303/735 1422/1305/736 1421/1306/736 1419/1304/735
f 1422/1305/736 1424/1307/737 1423/1308/737 1421/1306/736
f 1424/1307/737 1426/1309/738 1425/1310/738 1423/1308/737
f 1426/1309/738 1428/1311/739 1427/1312/739 1425/1310/738
f 1428/1311/739 1430/1313/740 1429/1314/740 1427/1312/739
f 1430/1313/740 1432/1315/741 1431/1316/741 1429/1314/740
f 1432/1315/741 1434/1317/742 1433/1318/742 1431/1316/741
f 1434/1317/742 1436/1319/743 1435/1320/743 1433/1318/742
f 1436/1319/743 1438/1321/744 1437/1322/744 1435/1320/743
f 1438/1321/744 1440/1323/745 1439/1324/745 1437/1322/744
f 1440/1323/745 1442/1325/746 1441/1326/746 1439/1324/745
f 1442/1325/746 1444/1327/747 1443/1328/747 1441/1326/746
f 1444/1327/747 1446/1329/748 1445/1330/748 1443/1328/747
f 1446/1329/748 1448/1331/749 1447/1332/749 1445/1330/748
f 1448/1331/749 1450/1333/750 1449/1334/750 1447/1332/749
f 1450/1333/750 1452/1335/751 1451/1336/751 1449/1334/750
f 1452/1335/751 1454/1337/752 1453/1338/752 1451/1336/751
f 1454/1337/752 1456/1339/753 1455/1340/753 1453/1338/752
f 1456/1339/753 1458/1341/754 1457/1342/754 1455/1340/753
f 1458/1341/754 1460/1343/755 1459/1344/755 1457/1342/754
f 1460/1343/755 1462/1345/756 1461/1346/756 1459/1344/755
f 1462/1345/756 1464/1347/757 1463/1348/757 1461/1346/756
f 1464/1347/757 1466/1349/758 1465/1350/758 1463/1348/757
f 1466/1349/758 1468/1351/759 1467/1352/759 1465/1350/758
f 1468/1351/759 1470/1353/760 1469/1354/760 1467/1352/759
f 1470/1353/760 1472/1355/761 1471/1356/761 1469/1354/760
f 1472/1355/761 1474/1357/762 1473/1358/762 1471/1356/761
f 1474/1357/762 1476/1359/763 1475/1360/763 1473/1358/762
f 1476/1359/763 1478/1361/764 1477/1362/764 1475/1360/763
f 1478/1361/764 1480/1363/765 1479/1364/765 1477/1362/764
f 1480/1363/765 1482/1365/766 1481/1366/766 1479/1364/765
f 1482/1365/766 1484/1367/767 1483/1368/767 1481/1366/766
f 1484/1367/767 1486/1369/768 1485/1370/768 1483/1368/767
f 1486/1369/768 1488/1371/769 1487/1372/769 1485/1370/768
f 1488/1371/769 1490/1373/770 1489/1374/770 1487/1372/769
f 1490/1373/770 1492/1375/771 1491/1376/771 1489/1374/770
f 1492/1375/771 1494/1377/772 1493/1378/772 1491/1376/771
f 1494/1377/772 1496/1379/773 1495/1380/773 1493/1378/772
f 1496/1379/773 1498/1381/774 1497/1382/774 1495/1380/773
f 1498/1381/774 1500/1383/775 1499/1384/775 1497/1382/774
f 1500/1383/775 1502/1385/776 1501/1386/776 1499/1384/775
f 1502/1385/776 1504/1387/777 1503/1388/777 1501/1386/776
f 1504/1387/777 1506/1389/778 1505/1390/778 1503/1388/777
f 1506/1389/778 1508/1391/779 1507/1392/779 1505/1390/778
f 1508/1391/779 1510/1393/780 1509/1394/780 1507/1392/779
f 1510/1393/780 1512/1395/781 1511/1396/781 1509/1394/780
f 1512/1395/781 1514/1397/782 1513/1398/782 1511/1396/781
f 1514/1397/782 1516/1399/783 1515/1400/783 1513/1398/782
f 1516/1399/783 1518/1401/784 1517/1402/784 1515/1400/783
f 1518/1401/784 1520/1403/785 1519/1404/785 1517/1402/784
f 1520/1403/785 1522/1405/786 1521/1406/786 1519/1404/785
f 1522/1405/786 1524/1407/787 1523/1408/787 1521/1406/786
f 1524/1407/787 1526/1409/788 1525/1410/788 1523/1408/787
f 1526/1409/788 1528/1411/789 1527/1412/789 1525/1410/788
f 1528/1411/789 1530/1413/790 1529/1414/790 1527/1412/789
f 1530/1413/790 1532/1415/791 1531/1416/791 1529/1414/790
f 1532/1415/791 1534/1417/792 1533/1418/792 1531/1416/791
f 1534/1417/792 1536/1419/793 1535/1420/793 1533/1418/792
f 1536/1419/793 1538/1421/794 1537/1422/794 1535/1420/793
f 1538/1421/794 1540/1423/795 1539/1424/795 1537/1422/794
f 1540/1423/795 1542/1425/796 1541/1426/796 1539/1424/795
f 1542/1425/796 1544/1427/797 1543/1428/797 1541/1426/796
f 1544/1427/797 1546/1429/798 1545/1430/798 1543/1428/797
f 1546/1429/798 1548/1431/799 1547/1432/799 1545/1430/798
f 1548/1431/799 1550/1433/800 1549/1434/800 1547/1432/799
f 1550/1433/800 1552/1435/801 1551/1436/801 1549/1434/800
f 1552/1435/801 1554/1437/802 1553/1438/802 1551/1436/801
f 1554/1437/802 1556/1439/803 1555/1440/803 1553/1438/802
f 1556/1439/803 1558/1441/804 1557/1442/804 1555/1440/803
f 1558/1441/804 1560/1443/805 1559/1444/805 1557/1442/804
f 1560/1443/805 1562/1445/806 1561/1446/806 1559/1444/805
f 1562/1445/806 1564/1447/807 1563/1448/807 1561/1446/806
f 1564/1447/807 1566/1449/808 1565/1450/808 1563/1448/807
f 1566/1449/808 1568/1451/809 1567/1452/809 1565/1450/808
f 1568/1451/809 1570/1453/810 1569/1454/810 1567/1452/809
f 1570/1453/810 1572/1455/811 1571/1456/811 1569/1454/810
f 1572/1455/811 1574/1457/812 1573/1458/812 1571/1456/811
f 1574/1457/812 1576/1459/813 1575/1460/813 1573/1458/812
f 1576/1459/813 1578/1461/814 1577/1462/814 1575/1460/813
f 1578/1461/814 1580/1463/815 1579/1464/815 1577/1462/814
f 1580/1463/815 1582/1465/816 1581/1466/816 1579/1464/815
f 1582/1465/816 1584/1467/813 1583/1468/813 1581/1466/816
f 1584/1467/813 1586/1469/817 1585/1470/817 1583/1468/813
f 1586/1469/817 1588/1471/818 1587/1472/818 1585/1470/817
f 1588/1471/818 1590/1473/810 1589/1474/810 1587/1472/818
f 1590/1473/810 1592/1475/819 1591/1476/819 1589/1474/810
f 1592/1475/819 1594/1477/820 1593/1478/820 1591/1476/819
f 1594/1477/820 1596/1479/821 1595/1480/821 1593/1478/820
f 1596/1479/821 1598/1481/822 1597/1482/822 1595/1480/821
f 1598/1481/822 1600/1483/823 1599/1484/823 1597/1482/822
f 1600/1483/823 1602/1485/824 1601/1486/824 1599/1484/823
f 1602/1485/824 1604/1487/825 1603/1488/825 1601/1486/824
f 1604/1487/825 1606/1489/826 1605/1490/826 1603/1488/825
f 1606/1489/826 1608/1491/827 1607/1492/827 1605/1490/826
f 1608/1491/827 1610/1493/828 1609/1494/828 1607/1492/827
f 1610/1493/828 1612/1495/829 1611/1496/829 1609/1494/828
f 1612/1495/829 1614/1497/830 1613/1498/830 1611/1496/829
f 1614/1497/830 1616/1499/831 1615/1500/831 1613/1498/830
f 1616/1499/831 1618/1501/832 1617/1502/832 1615/1500/831
f 1618/1501/832 1620/1503/833 1619/1504/833 1617/1502/832
f 1620/1503/833 1622/1505/834 1621/1506/834 1619/1504/833
f 1622/1505/834 1198/1507/658 1197/1030/658 1621/1506/834
